mask,image,road_pixels,outside_pixels
000000.png,yolo_lane_following/dataset/images/train/s00_000000.jpg,29047,5934
000001.png,yolo_lane_following/dataset/images/train/s00_000002.jpg,29472,5717
000002.png,yolo_lane_following/dataset/images/train/s00_000004.jpg,29410,5623
000003.png,yolo_lane_following/dataset/images/train/s00_000006.jpg,29317,5792
000004.png,yolo_lane_following/dataset/images/train/s00_000006_obs.jpg,29317,5700
000005.png,yolo_lane_following/dataset/images/train/s00_000008.jpg,28493,5874
000006.png,yolo_lane_following/dataset/images/train/s00_000010.jpg,28212,6309
000007.png,yolo_lane_following/dataset/images/train/s00_000010_obs.jpg,28414,6161
000008.png,yolo_lane_following/dataset/images/train/s00_000012.jpg,29062,5419
000009.png,yolo_lane_following/dataset/images/train/s00_000012_obs.jpg,28863,5642
000010.png,yolo_lane_following/dataset/images/train/s00_000014.jpg,29526,4712
000011.png,yolo_lane_following/dataset/images/train/s00_000016.jpg,29389,4498
000012.png,yolo_lane_following/dataset/images/train/s00_000016_obs.jpg,29075,4733
000013.png,yolo_lane_following/dataset/images/train/s00_000018.jpg,29447,3937
000014.png,yolo_lane_following/dataset/images/train/s00_000018_obs.jpg,29152,3799
000015.png,yolo_lane_following/dataset/images/train/s00_000020.jpg,30986,3883
000016.png,yolo_lane_following/dataset/images/train/s00_000020_obs.jpg,31091,3440
000017.png,yolo_lane_following/dataset/images/train/s00_000022.jpg,29160,4317
000018.png,yolo_lane_following/dataset/images/train/s00_000022_obs.jpg,31009,3785
000019.png,yolo_lane_following/dataset/images/train/s00_000024.jpg,29610,3836
000020.png,yolo_lane_following/dataset/images/train/s00_000024_obs.jpg,29339,4131
000021.png,yolo_lane_following/dataset/images/train/s00_000026.jpg,28736,5475
000022.png,yolo_lane_following/dataset/images/train/s00_000026_obs.jpg,28504,5726
000023.png,yolo_lane_following/dataset/images/train/s00_000028.jpg,29652,5154
000024.png,yolo_lane_following/dataset/images/train/s00_000028_obs.jpg,29398,4767
000025.png,yolo_lane_following/dataset/images/train/s00_000030.jpg,29201,5208
000026.png,yolo_lane_following/dataset/images/train/s00_000032.jpg,30134,4765
000027.png,yolo_lane_following/dataset/images/train/s00_000034.jpg,30538,4257
000028.png,yolo_lane_following/dataset/images/train/s00_000034_obs.jpg,30227,4209
000029.png,yolo_lane_following/dataset/images/train/s00_000036.jpg,29670,5202
000030.png,yolo_lane_following/dataset/images/train/s00_000036_obs.jpg,29378,5502
000031.png,yolo_lane_following/dataset/images/train/s00_000038.jpg,28469,5499
000032.png,yolo_lane_following/dataset/images/train/s00_000038_obs.jpg,28606,5376
000033.png,yolo_lane_following/dataset/images/train/s00_000040.jpg,28540,5868
000034.png,yolo_lane_following/dataset/images/train/s00_000042.jpg,28609,6098
000035.png,yolo_lane_following/dataset/images/train/s00_000042_obs.jpg,28087,6620
000036.png,yolo_lane_following/dataset/images/train/s00_000044.jpg,28019,6691
000037.png,yolo_lane_following/dataset/images/train/s00_000044_obs.jpg,27728,6691
000038.png,yolo_lane_following/dataset/images/train/s00_000046.jpg,27627,6888
000039.png,yolo_lane_following/dataset/images/train/s00_000046_obs.jpg,27383,6881
000040.png,yolo_lane_following/dataset/images/train/s00_000048.jpg,27915,6663
000041.png,yolo_lane_following/dataset/images/train/s00_000048_obs.jpg,27915,6663
000042.png,yolo_lane_following/dataset/images/train/s00_000050.jpg,28206,6035
000043.png,yolo_lane_following/dataset/images/train/s00_000050_obs.jpg,28206,6035
000044.png,yolo_lane_following/dataset/images/train/s00_000052.jpg,28449,5423
000045.png,yolo_lane_following/dataset/images/train/s00_000052_obs.jpg,28071,5402
000046.png,yolo_lane_following/dataset/images/train/s00_000054.jpg,29813,4706
000047.png,yolo_lane_following/dataset/images/train/s00_000056.jpg,29214,5005
000048.png,yolo_lane_following/dataset/images/train/s00_000056_obs.jpg,28922,5305
000049.png,yolo_lane_following/dataset/images/train/s00_000058.jpg,29746,4658
000050.png,yolo_lane_following/dataset/images/train/s00_000058_obs.jpg,29746,4658
000051.png,yolo_lane_following/dataset/images/train/s00_000060.jpg,30232,4250
000052.png,yolo_lane_following/dataset/images/train/s00_000060_obs.jpg,30232,4250
000053.png,yolo_lane_following/dataset/images/train/s00_000062.jpg,30013,4572
000054.png,yolo_lane_following/dataset/images/train/s00_000064.jpg,30627,3856
000055.png,yolo_lane_following/dataset/images/train/s00_000064_obs.jpg,30627,3856
000056.png,yolo_lane_following/dataset/images/train/s00_000066.jpg,30877,3622
000057.png,yolo_lane_following/dataset/images/train/s00_000066_obs.jpg,30877,3622
000058.png,yolo_lane_following/dataset/images/train/s00_000068.jpg,31081,3555
000059.png,yolo_lane_following/dataset/images/train/s00_000070.jpg,31664,2817
000060.png,yolo_lane_following/dataset/images/train/s00_000070_obs.jpg,31296,3190
000061.png,yolo_lane_following/dataset/images/train/s00_000072.jpg,32287,2352
000062.png,yolo_lane_following/dataset/images/train/s00_000072_obs.jpg,32061,2585
000063.png,yolo_lane_following/dataset/images/train/s00_000074.jpg,32730,2093
000064.png,yolo_lane_following/dataset/images/train/s00_000074_obs.jpg,33040,2070
000065.png,yolo_lane_following/dataset/images/train/s00_000076.jpg,32710,2091
000066.png,yolo_lane_following/dataset/images/train/s00_000078.jpg,32579,2177
000067.png,yolo_lane_following/dataset/images/train/s00_000078_obs.jpg,32027,2707
000068.png,yolo_lane_following/dataset/images/train/s00_000080.jpg,32303,2343
000069.png,yolo_lane_following/dataset/images/train/s00_000082.jpg,31461,2828
000070.png,yolo_lane_following/dataset/images/train/s00_000082_obs.jpg,31632,2784
000071.png,yolo_lane_following/dataset/images/train/s00_000084.jpg,31153,3204
000072.png,yolo_lane_following/dataset/images/train/s00_000084_obs.jpg,30893,3472
000073.png,yolo_lane_following/dataset/images/train/s00_000086.jpg,31408,2928
000074.png,yolo_lane_following/dataset/images/train/s00_000086_obs.jpg,31078,3267
000075.png,yolo_lane_following/dataset/images/train/s00_000088.jpg,30697,3621
000076.png,yolo_lane_following/dataset/images/train/s00_000090.jpg,30745,3485
000077.png,yolo_lane_following/dataset/images/train/s00_000090_obs.jpg,30485,3753
000078.png,yolo_lane_following/dataset/images/train/s00_000092.jpg,30135,3971
000079.png,yolo_lane_following/dataset/images/train/s00_000094.jpg,29811,4531
000080.png,yolo_lane_following/dataset/images/train/s00_000096.jpg,30316,4483
000081.png,yolo_lane_following/dataset/images/train/s00_000098.jpg,30382,4408
000082.png,yolo_lane_following/dataset/images/train/s00_000098_obs.jpg,30520,4282
000083.png,yolo_lane_following/dataset/images/train/s00_000100.jpg,30764,4300
000084.png,yolo_lane_following/dataset/images/train/s00_000102.jpg,30745,4308
000085.png,yolo_lane_following/dataset/images/train/s00_000102_obs.jpg,30379,4244
000086.png,yolo_lane_following/dataset/images/train/s00_000104.jpg,31282,3871
000087.png,yolo_lane_following/dataset/images/train/s00_000104_obs.jpg,31282,3871
000088.png,yolo_lane_following/dataset/images/train/s00_000106.jpg,31476,3715
000089.png,yolo_lane_following/dataset/images/train/s00_000106_obs.jpg,31505,3684
000090.png,yolo_lane_following/dataset/images/train/s00_000108.jpg,32436,2980
000091.png,yolo_lane_following/dataset/images/train/s00_000108_obs.jpg,32436,2980
000092.png,yolo_lane_following/dataset/images/train/s00_000110.jpg,32559,2748
000093.png,yolo_lane_following/dataset/images/train/s00_000110_obs.jpg,32091,3225
000094.png,yolo_lane_following/dataset/images/train/s00_000112.jpg,32520,2846
000095.png,yolo_lane_following/dataset/images/train/s00_000112_obs.jpg,32350,3042
000096.png,yolo_lane_following/dataset/images/train/s00_000114.jpg,32400,2944
000097.png,yolo_lane_following/dataset/images/train/s00_000114_obs.jpg,32400,2944
000098.png,yolo_lane_following/dataset/images/train/s00_000116.jpg,32187,3098
000099.png,yolo_lane_following/dataset/images/train/s00_000116_obs.jpg,32187,3098
000100.png,yolo_lane_following/dataset/images/train/s00_000118.jpg,31963,3217
000101.png,yolo_lane_following/dataset/images/train/s00_000118_obs.jpg,31528,3217
000102.png,yolo_lane_following/dataset/images/train/s00_000120.jpg,31867,3299
000103.png,yolo_lane_following/dataset/images/train/s00_000120_obs.jpg,31867,3299
000104.png,yolo_lane_following/dataset/images/train/s00_000122.jpg,31514,3559
000105.png,yolo_lane_following/dataset/images/train/s00_000124.jpg,31691,3566
000106.png,yolo_lane_following/dataset/images/train/s00_000124_obs.jpg,31511,3364
000107.png,yolo_lane_following/dataset/images/train/s00_000126.jpg,31057,4184
000108.png,yolo_lane_following/dataset/images/train/s00_000126_obs.jpg,31437,3927
000109.png,yolo_lane_following/dataset/images/train/s00_000128.jpg,31145,4158
000110.png,yolo_lane_following/dataset/images/train/s00_000130.jpg,30799,4471
000111.png,yolo_lane_following/dataset/images/train/s00_000130_obs.jpg,30799,4471
000112.png,yolo_lane_following/dataset/images/train/s00_000132.jpg,30683,4326
000113.png,yolo_lane_following/dataset/images/train/s00_000132_obs.jpg,30683,4326
000114.png,yolo_lane_following/dataset/images/train/s00_000134.jpg,30575,4569
000115.png,yolo_lane_following/dataset/images/train/s00_000134_obs.jpg,30575,4569
000116.png,yolo_lane_following/dataset/images/train/s00_000136.jpg,30177,4973
000117.png,yolo_lane_following/dataset/images/train/s00_000138.jpg,29992,4718
000118.png,yolo_lane_following/dataset/images/train/s00_000138_obs.jpg,29992,4718
000119.png,yolo_lane_following/dataset/images/train/s00_000140.jpg,29750,4923
000120.png,yolo_lane_following/dataset/images/train/s00_000140_obs.jpg,29456,5224
000121.png,yolo_lane_following/dataset/images/train/s00_000142.jpg,29380,5498
000122.png,yolo_lane_following/dataset/images/train/s00_000142_obs.jpg,29380,5498
000123.png,yolo_lane_following/dataset/images/train/s00_000144.jpg,29379,5566
000124.png,yolo_lane_following/dataset/images/train/s00_000146.jpg,29894,5103
000125.png,yolo_lane_following/dataset/images/train/s00_000148.jpg,30155,4914
000126.png,yolo_lane_following/dataset/images/train/s00_000148_obs.jpg,29776,4914
000127.png,yolo_lane_following/dataset/images/train/s00_000150.jpg,29511,5593
000128.png,yolo_lane_following/dataset/images/train/s00_000150_obs.jpg,29511,5593
000129.png,yolo_lane_following/dataset/images/train/s00_000152.jpg,29029,6012
000130.png,yolo_lane_following/dataset/images/train/s00_000152_obs.jpg,29419,5807
000131.png,yolo_lane_following/dataset/images/train/s00_000154.jpg,28759,6159
000132.png,yolo_lane_following/dataset/images/train/s00_000154_obs.jpg,28725,6198
000133.png,yolo_lane_following/dataset/images/train/s00_000156.jpg,28379,6528
000134.png,yolo_lane_following/dataset/images/train/s00_000156_obs.jpg,28109,6430
000135.png,yolo_lane_following/dataset/images/train/s00_000158.jpg,29118,5697
000136.png,yolo_lane_following/dataset/images/train/s00_000160.jpg,29032,5810
000137.png,yolo_lane_following/dataset/images/train/s00_000160_obs.jpg,28664,6183
000138.png,yolo_lane_following/dataset/images/train/s00_000162.jpg,26952,6094
000139.png,yolo_lane_following/dataset/images/train/s00_000162_obs.jpg,26952,6094
000140.png,yolo_lane_following/dataset/images/train/s00_000164.jpg,28545,6380
000141.png,yolo_lane_following/dataset/images/train/s00_000164_obs.jpg,28241,6380
000142.png,yolo_lane_following/dataset/images/train/s00_000166.jpg,28857,5984
000143.png,yolo_lane_following/dataset/images/train/s00_000166_obs.jpg,28934,5895
000144.png,yolo_lane_following/dataset/images/train/s00_000168.jpg,28924,6038
000145.png,yolo_lane_following/dataset/images/train/s00_000170.jpg,29388,5487
000146.png,yolo_lane_following/dataset/images/train/s00_000170_obs.jpg,29388,5487
000147.png,yolo_lane_following/dataset/images/train/s00_000172.jpg,29795,5247
000148.png,yolo_lane_following/dataset/images/train/s00_000172_obs.jpg,29795,5247
000149.png,yolo_lane_following/dataset/images/train/s00_000174.jpg,28946,6200
000150.png,yolo_lane_following/dataset/images/train/s00_000174_obs.jpg,28946,6200
000151.png,yolo_lane_following/dataset/images/train/s00_000176.jpg,27826,6907
000152.png,yolo_lane_following/dataset/images/train/s00_000176_obs.jpg,27436,6907
000153.png,yolo_lane_following/dataset/images/train/s00_000178.jpg,28038,6771
000154.png,yolo_lane_following/dataset/images/train/s00_000180.jpg,27847,7054
000155.png,yolo_lane_following/dataset/images/train/s00_000182.jpg,27605,7211
000156.png,yolo_lane_following/dataset/images/train/s00_000182_obs.jpg,27200,7211
000157.png,yolo_lane_following/dataset/images/train/s00_000184.jpg,25999,7490
000158.png,yolo_lane_following/dataset/images/train/s00_000184_obs.jpg,25999,7490
000159.png,yolo_lane_following/dataset/images/train/s00_000186.jpg,28565,6404
000160.png,yolo_lane_following/dataset/images/train/s00_000186_obs.jpg,28565,6404
000161.png,yolo_lane_following/dataset/images/train/s00_000188.jpg,29177,5837
000162.png,yolo_lane_following/dataset/images/train/s00_000190.jpg,25150,6636
000163.png,yolo_lane_following/dataset/images/train/s00_000192.jpg,25852,7766
000164.png,yolo_lane_following/dataset/images/train/s00_000194.jpg,26764,7787
000165.png,yolo_lane_following/dataset/images/train/s00_000196.jpg,27782,7117
000166.png,yolo_lane_following/dataset/images/train/s00_000196_obs.jpg,27532,7117
000167.png,yolo_lane_following/dataset/images/train/s00_000198.jpg,27218,7394
000168.png,yolo_lane_following/dataset/images/train/s00_000198_obs.jpg,27452,7171
000169.png,yolo_lane_following/dataset/images/train/s00_000200.jpg,26787,8206
000170.png,yolo_lane_following/dataset/images/train/s00_000200_obs.jpg,27169,7860
000171.png,yolo_lane_following/dataset/images/train/s00_000202.jpg,26026,8766
000172.png,yolo_lane_following/dataset/images/train/s00_000202_obs.jpg,26048,8763
000173.png,yolo_lane_following/dataset/images/train/s00_000204.jpg,25709,9192
000174.png,yolo_lane_following/dataset/images/train/s00_000204_obs.jpg,25709,9192
000175.png,yolo_lane_following/dataset/images/train/s00_000206.jpg,25269,9395
000176.png,yolo_lane_following/dataset/images/train/s00_000206_obs.jpg,25269,9395
000177.png,yolo_lane_following/dataset/images/train/s00_000208.jpg,25601,9341
000178.png,yolo_lane_following/dataset/images/train/s00_000210.jpg,25804,8969
000179.png,yolo_lane_following/dataset/images/train/s00_000212.jpg,25511,9219
000180.png,yolo_lane_following/dataset/images/train/s00_000212_obs.jpg,25511,9219
000181.png,yolo_lane_following/dataset/images/train/s00_000214.jpg,24771,10147
000182.png,yolo_lane_following/dataset/images/train/s00_000216.jpg,22570,11847
000183.png,yolo_lane_following/dataset/images/train/s00_000216_obs.jpg,22572,11839
000184.png,yolo_lane_following/dataset/images/train/s00_000218.jpg,22354,12832
000185.png,yolo_lane_following/dataset/images/train/s00_000218_obs.jpg,22272,12773
000186.png,yolo_lane_following/dataset/images/train/s00_000220.jpg,19669,14516
000187.png,yolo_lane_following/dataset/images/train/s00_000220_obs.jpg,8927,15055
000188.png,yolo_lane_following/dataset/images/train/s00_000222.jpg,22204,12691
000189.png,yolo_lane_following/dataset/images/train/s00_000222_obs.jpg,21825,12515
000190.png,yolo_lane_following/dataset/images/train/s00_000224.jpg,23987,10172
000191.png,yolo_lane_following/dataset/images/train/s00_000224_obs.jpg,23794,10373
000192.png,yolo_lane_following/dataset/images/train/s00_000226.jpg,24722,10062
000193.png,yolo_lane_following/dataset/images/train/s00_000226_obs.jpg,24572,10062
000194.png,yolo_lane_following/dataset/images/train/s00_000228.jpg,24430,9440
000195.png,yolo_lane_following/dataset/images/train/s00_000230.jpg,26235,8692
000196.png,yolo_lane_following/dataset/images/train/s00_000232.jpg,24851,9839
000197.png,yolo_lane_following/dataset/images/train/s00_000232_obs.jpg,24851,9839
000198.png,yolo_lane_following/dataset/images/train/s00_000234.jpg,24767,10187
000199.png,yolo_lane_following/dataset/images/train/s00_000234_obs.jpg,24549,10016
000200.png,yolo_lane_following/dataset/images/train/s00_000236.jpg,25929,9239
000201.png,yolo_lane_following/dataset/images/train/s00_000238.jpg,23841,10952
000202.png,yolo_lane_following/dataset/images/train/s00_000240.jpg,22337,12349
000203.png,yolo_lane_following/dataset/images/train/s00_000242.jpg,23558,10936
000204.png,yolo_lane_following/dataset/images/train/s00_000242_obs.jpg,23566,10929
000205.png,yolo_lane_following/dataset/images/train/s00_000244.jpg,24391,10195
000206.png,yolo_lane_following/dataset/images/train/s00_000244_obs.jpg,24559,10034
000207.png,yolo_lane_following/dataset/images/train/s00_000246.jpg,23801,10879
000208.png,yolo_lane_following/dataset/images/train/s00_000246_obs.jpg,23803,10878
000209.png,yolo_lane_following/dataset/images/train/s00_000248.jpg,22532,12161
000210.png,yolo_lane_following/dataset/images/train/s00_000248_obs.jpg,22352,12340
000211.png,yolo_lane_following/dataset/images/train/s00_000250.jpg,22877,11762
000212.png,yolo_lane_following/dataset/images/train/s00_000252.jpg,20093,11887
000213.png,yolo_lane_following/dataset/images/train/s00_000254.jpg,12334,12515
000214.png,yolo_lane_following/dataset/images/train/s00_000256.jpg,19619,12600
000215.png,yolo_lane_following/dataset/images/train/s00_000256_obs.jpg,19710,12538
000216.png,yolo_lane_following/dataset/images/train/s00_000258.jpg,20771,11857
000217.png,yolo_lane_following/dataset/images/train/s00_000258_obs.jpg,20771,11517
000218.png,yolo_lane_following/dataset/images/train/s00_000260.jpg,19955,12185
000219.png,yolo_lane_following/dataset/images/train/s00_000260_obs.jpg,19886,12251
000220.png,yolo_lane_following/dataset/images/train/s00_000262.jpg,22850,11943
000221.png,yolo_lane_following/dataset/images/train/s00_000264.jpg,22993,11640
000222.png,yolo_lane_following/dataset/images/train/s00_000264_obs.jpg,23276,11356
000223.png,yolo_lane_following/dataset/images/train/s00_000266.jpg,22895,11539
000224.png,yolo_lane_following/dataset/images/train/s00_000266_obs.jpg,22886,11554
000225.png,yolo_lane_following/dataset/images/train/s00_000268.jpg,22448,12177
000226.png,yolo_lane_following/dataset/images/train/s00_000268_obs.jpg,22561,12109
000227.png,yolo_lane_following/dataset/images/train/s00_000270.jpg,20291,14474
000228.png,yolo_lane_following/dataset/images/train/s00_000270_obs.jpg,20291,14266
000229.png,yolo_lane_following/dataset/images/train/s00_000272.jpg,0,15152
000230.png,yolo_lane_following/dataset/images/train/s00_000272_obs.jpg,0,14850
000231.png,yolo_lane_following/dataset/images/train/s00_000274.jpg,0,11967
000232.png,yolo_lane_following/dataset/images/train/s00_000276.jpg,24684,10171
000233.png,yolo_lane_following/dataset/images/train/s00_000278.jpg,24697,10085
000234.png,yolo_lane_following/dataset/images/train/s00_000280.jpg,24933,9993
000235.png,yolo_lane_following/dataset/images/train/s00_000282.jpg,24972,9744
000236.png,yolo_lane_following/dataset/images/train/s00_000282_obs.jpg,25277,9461
000237.png,yolo_lane_following/dataset/images/train/s00_000284.jpg,25549,9191
000238.png,yolo_lane_following/dataset/images/train/s00_000286.jpg,25981,8709
000239.png,yolo_lane_following/dataset/images/train/s00_000286_obs.jpg,25759,8709
000240.png,yolo_lane_following/dataset/images/train/s00_000288.jpg,25683,8700
000241.png,yolo_lane_following/dataset/images/train/s00_000288_obs.jpg,25198,8697
000242.png,yolo_lane_following/dataset/images/train/s00_000290.jpg,25966,8690
000243.png,yolo_lane_following/dataset/images/train/s00_000290_obs.jpg,25966,8690
000244.png,yolo_lane_following/dataset/images/train/s00_000292.jpg,26343,8366
000245.png,yolo_lane_following/dataset/images/train/s00_000292_obs.jpg,26169,8558
000246.png,yolo_lane_following/dataset/images/train/s00_000294.jpg,26779,8056
000247.png,yolo_lane_following/dataset/images/train/s00_000296.jpg,25322,9193
000248.png,yolo_lane_following/dataset/images/train/s00_000298.jpg,25949,9092
000249.png,yolo_lane_following/dataset/images/train/s00_000300.jpg,25413,9443
000250.png,yolo_lane_following/dataset/images/train/s00_000300_obs.jpg,25619,9251
000251.png,yolo_lane_following/dataset/images/train/s00_000302.jpg,25111,9747
000252.png,yolo_lane_following/dataset/images/train/s00_000304.jpg,25323,9243
000253.png,yolo_lane_following/dataset/images/train/s00_000304_obs.jpg,25150,9069
000254.png,yolo_lane_following/dataset/images/train/s00_000306.jpg,25318,8954
000255.png,yolo_lane_following/dataset/images/train/s00_000306_obs.jpg,25032,8954
000256.png,yolo_lane_following/dataset/images/train/s00_000308.jpg,25448,8973
000257.png,yolo_lane_following/dataset/images/train/s00_000308_obs.jpg,25230,8873
000258.png,yolo_lane_following/dataset/images/train/s00_000310.jpg,24171,10460
000259.png,yolo_lane_following/dataset/images/train/s00_000310_obs.jpg,24504,10169
000260.png,yolo_lane_following/dataset/images/train/s00_000312.jpg,25202,9341
000261.png,yolo_lane_following/dataset/images/train/s00_000312_obs.jpg,25202,9341
000262.png,yolo_lane_following/dataset/images/train/s00_000314.jpg,24827,9751
000263.png,yolo_lane_following/dataset/images/train/s00_000314_obs.jpg,24628,9974
000264.png,yolo_lane_following/dataset/images/train/s00_000316.jpg,23707,10823
000265.png,yolo_lane_following/dataset/images/train/s00_000318.jpg,23398,11096
000266.png,yolo_lane_following/dataset/images/train/s00_000318_obs.jpg,23650,10882
000267.png,yolo_lane_following/dataset/images/train/s00_000320.jpg,23641,11075
000268.png,yolo_lane_following/dataset/images/train/s00_000320_obs.jpg,23618,10818
000269.png,yolo_lane_following/dataset/images/train/s00_000322.jpg,23097,11106
000270.png,yolo_lane_following/dataset/images/train/s00_000322_obs.jpg,23097,11106
000271.png,yolo_lane_following/dataset/images/train/s00_000324.jpg,23337,10921
000272.png,yolo_lane_following/dataset/images/train/s00_000326.jpg,23063,10965
000273.png,yolo_lane_following/dataset/images/train/s00_000326_obs.jpg,22704,11297
000274.png,yolo_lane_following/dataset/images/train/s00_000328.jpg,23611,10411
000275.png,yolo_lane_following/dataset/images/train/s00_000330.jpg,23827,10550
000276.png,yolo_lane_following/dataset/images/train/s00_000332.jpg,24364,9747
000277.png,yolo_lane_following/dataset/images/train/s00_000332_obs.jpg,24364,9747
000278.png,yolo_lane_following/dataset/images/train/s00_000334.jpg,16920,9619
000279.png,yolo_lane_following/dataset/images/train/s00_000336.jpg,17657,9010
000280.png,yolo_lane_following/dataset/images/train/s00_000336_obs.jpg,17427,9010
000281.png,yolo_lane_following/dataset/images/train/s00_000338.jpg,17743,8807
000282.png,yolo_lane_following/dataset/images/train/s00_000338_obs.jpg,17743,8807
000283.png,yolo_lane_following/dataset/images/train/s00_000340.jpg,17865,8678
000284.png,yolo_lane_following/dataset/images/train/s00_000340_obs.jpg,17608,8961
000285.png,yolo_lane_following/dataset/images/train/s00_000342.jpg,16294,8859
000286.png,yolo_lane_following/dataset/images/train/s00_000342_obs.jpg,16042,9126
000287.png,yolo_lane_following/dataset/images/train/s00_000344.jpg,17067,8893
000288.png,yolo_lane_following/dataset/images/train/s00_000346.jpg,17003,9290
000289.png,yolo_lane_following/dataset/images/train/s00_000346_obs.jpg,17003,9290
000290.png,yolo_lane_following/dataset/images/train/s00_000348.jpg,16874,10211
000291.png,yolo_lane_following/dataset/images/train/s00_000348_obs.jpg,16896,9917
000292.png,yolo_lane_following/dataset/images/train/s00_000350.jpg,16674,11392
000293.png,yolo_lane_following/dataset/images/train/s00_000350_obs.jpg,16501,11061
000294.png,yolo_lane_following/dataset/images/train/s00_000352.jpg,23613,11024
000295.png,yolo_lane_following/dataset/images/train/s00_000352_obs.jpg,23601,11148
000296.png,yolo_lane_following/dataset/images/train/s00_000354.jpg,22979,11984
000297.png,yolo_lane_following/dataset/images/train/s00_000354_obs.jpg,22635,12330
000298.png,yolo_lane_following/dataset/images/train/s00_000356.jpg,24581,10435
000299.png,yolo_lane_following/dataset/images/train/s00_000358.jpg,24673,10121
000300.png,yolo_lane_following/dataset/images/train/s00_000360.jpg,24293,10238
000301.png,yolo_lane_following/dataset/images/train/s00_000362.jpg,23738,10882
000302.png,yolo_lane_following/dataset/images/train/s00_000362_obs.jpg,24006,10623
000303.png,yolo_lane_following/dataset/images/train/s00_000364.jpg,23399,11258
000304.png,yolo_lane_following/dataset/images/train/s00_000366.jpg,23103,11476
000305.png,yolo_lane_following/dataset/images/train/s00_000366_obs.jpg,23458,11220
000306.png,yolo_lane_following/dataset/images/train/s00_000368.jpg,23120,11856
000307.png,yolo_lane_following/dataset/images/train/s00_000368_obs.jpg,23300,11682
000308.png,yolo_lane_following/dataset/images/train/s00_000370.jpg,23153,11649
000309.png,yolo_lane_following/dataset/images/train/s00_000372.jpg,23758,10951
000310.png,yolo_lane_following/dataset/images/train/s00_000374.jpg,23763,10975
000311.png,yolo_lane_following/dataset/images/train/s00_000376.jpg,23596,10874
000312.png,yolo_lane_following/dataset/images/train/s00_000376_obs.jpg,23232,10874
000313.png,yolo_lane_following/dataset/images/train/s00_000378.jpg,24094,10705
000314.png,yolo_lane_following/dataset/images/train/s00_000378_obs.jpg,24094,10702
000315.png,yolo_lane_following/dataset/images/train/s00_000380.jpg,22815,11704
000316.png,yolo_lane_following/dataset/images/train/s00_000382.jpg,23547,10794
000317.png,yolo_lane_following/dataset/images/train/s00_000382_obs.jpg,23603,10451
000318.png,yolo_lane_following/dataset/images/train/s00_000384.jpg,23570,10499
000319.png,yolo_lane_following/dataset/images/train/s00_000384_obs.jpg,23570,10499
000320.png,yolo_lane_following/dataset/images/train/s00_000386.jpg,23056,11488
000321.png,yolo_lane_following/dataset/images/train/s00_000386_obs.jpg,23093,11453
000322.png,yolo_lane_following/dataset/images/train/s00_000388.jpg,23783,10748
000323.png,yolo_lane_following/dataset/images/train/s00_000388_obs.jpg,23673,10524
000324.png,yolo_lane_following/dataset/images/train/s00_000390.jpg,22661,11745
000325.png,yolo_lane_following/dataset/images/train/s00_000392.jpg,22475,11931
000326.png,yolo_lane_following/dataset/images/train/s00_000392_obs.jpg,22029,12405
000327.png,yolo_lane_following/dataset/images/train/s00_000394.jpg,16923,10952
000328.png,yolo_lane_following/dataset/images/train/s00_000394_obs.jpg,16923,10950
000329.png,yolo_lane_following/dataset/images/train/s00_000396.jpg,16619,10778
000330.png,yolo_lane_following/dataset/images/train/s00_000398.jpg,16940,10947
000331.png,yolo_lane_following/dataset/images/train/s00_000398_obs.jpg,16460,10947
000332.png,yolo_lane_following/dataset/images/train/s00_000400.jpg,17148,11267
000333.png,yolo_lane_following/dataset/images/train/s00_000400_obs.jpg,17148,11026
000334.png,yolo_lane_following/dataset/images/train/s00_000402.jpg,17254,12046
000335.png,yolo_lane_following/dataset/images/train/s00_000404.jpg,17367,12172
000336.png,yolo_lane_following/dataset/images/train/s00_000406.jpg,17237,11604
000337.png,yolo_lane_following/dataset/images/train/s00_000408.jpg,16431,10375
000338.png,yolo_lane_following/dataset/images/train/s00_000410.jpg,25543,9163
000339.png,yolo_lane_following/dataset/images/train/s00_000410_obs.jpg,24789,9451
000340.png,yolo_lane_following/dataset/images/train/s00_000412.jpg,26807,7822
000341.png,yolo_lane_following/dataset/images/train/s00_000412_obs.jpg,26852,7784
000342.png,yolo_lane_following/dataset/images/train/s00_000414.jpg,28224,6603
000343.png,yolo_lane_following/dataset/images/train/s00_000416.jpg,29218,5785
000344.png,yolo_lane_following/dataset/images/train/s00_000416_obs.jpg,29218,5785
000345.png,yolo_lane_following/dataset/images/train/s00_000418.jpg,22329,6274
000346.png,yolo_lane_following/dataset/images/train/s00_000418_obs.jpg,19877,6627
000347.png,yolo_lane_following/dataset/images/train/s00_000420.jpg,17838,6954
000348.png,yolo_lane_following/dataset/images/train/s00_000422.jpg,16155,8424
000349.png,yolo_lane_following/dataset/images/train/s00_000422_obs.jpg,15925,8662
000350.png,yolo_lane_following/dataset/images/train/s00_000424.jpg,14827,9301
000351.png,yolo_lane_following/dataset/images/train/s00_000426.jpg,13663,9662
000352.png,yolo_lane_following/dataset/images/train/s00_000426_obs.jpg,14293,9278
000353.png,yolo_lane_following/dataset/images/train/s00_000428.jpg,13884,9098
000354.png,yolo_lane_following/dataset/images/train/s00_000430.jpg,13123,10126
000355.png,yolo_lane_following/dataset/images/train/s00_000430_obs.jpg,13123,10126
000356.png,yolo_lane_following/dataset/images/train/s00_000432.jpg,12999,9881
000357.png,yolo_lane_following/dataset/images/train/s00_000432_obs.jpg,12999,9790
000358.png,yolo_lane_following/dataset/images/train/s00_000434.jpg,13069,9288
000359.png,yolo_lane_following/dataset/images/train/s00_000434_obs.jpg,13087,9073
000360.png,yolo_lane_following/dataset/images/train/s00_000436.jpg,12644,8996
000361.png,yolo_lane_following/dataset/images/train/s00_000436_obs.jpg,12952,8696
000362.png,yolo_lane_following/dataset/images/train/s00_000438.jpg,12570,9612
000363.png,yolo_lane_following/dataset/images/train/s00_000440.jpg,11900,11914
000364.png,yolo_lane_following/dataset/images/train/s00_000440_obs.jpg,11900,11914
000365.png,yolo_lane_following/dataset/images/train/s00_000442.jpg,11715,12372
000366.png,yolo_lane_following/dataset/images/train/s00_000442_obs.jpg,11421,12372
000367.png,yolo_lane_following/dataset/images/train/s00_000444.jpg,11653,10266
000368.png,yolo_lane_following/dataset/images/train/s00_000444_obs.jpg,11653,10003
000369.png,yolo_lane_following/dataset/images/train/s00_000446.jpg,11837,8364
000370.png,yolo_lane_following/dataset/images/train/s00_000446_obs.jpg,11658,8560
000371.png,yolo_lane_following/dataset/images/train/s00_000448.jpg,8340,9909
000372.png,yolo_lane_following/dataset/images/train/s00_000448_obs.jpg,8575,9822
000373.png,yolo_lane_following/dataset/images/train/s00_000450.jpg,4764,11392
000374.png,yolo_lane_following/dataset/images/train/s00_000450_obs.jpg,4846,11327
000375.png,yolo_lane_following/dataset/images/train/s00_000452.jpg,6374,12205
000376.png,yolo_lane_following/dataset/images/train/s00_000452_obs.jpg,6374,12011
000377.png,yolo_lane_following/dataset/images/train/s00_000454.jpg,7203,12729
000378.png,yolo_lane_following/dataset/images/train/s00_000456.jpg,7504,11355
000379.png,yolo_lane_following/dataset/images/train/s00_000456_obs.jpg,7504,11269
000380.png,yolo_lane_following/dataset/images/train/s00_000458.jpg,7315,9598
000381.png,yolo_lane_following/dataset/images/train/s00_000458_obs.jpg,7666,9589
000382.png,yolo_lane_following/dataset/images/train/s00_000460.jpg,7744,9397
000383.png,yolo_lane_following/dataset/images/train/s00_000460_obs.jpg,7744,9018
000384.png,yolo_lane_following/dataset/images/train/s00_000462.jpg,5911,10726
000385.png,yolo_lane_following/dataset/images/train/s00_000462_obs.jpg,5911,10402
000386.png,yolo_lane_following/dataset/images/train/s00_000464.jpg,5333,10627
000387.png,yolo_lane_following/dataset/images/train/s00_000466.jpg,5374,10557
000388.png,yolo_lane_following/dataset/images/train/s00_000466_obs.jpg,5374,10148
000389.png,yolo_lane_following/dataset/images/train/s00_000468.jpg,5247,10296
000390.png,yolo_lane_following/dataset/images/train/s00_000468_obs.jpg,5623,9947
000391.png,yolo_lane_following/dataset/images/train/s00_000470.jpg,4912,11073
000392.png,yolo_lane_following/dataset/images/train/s00_000472.jpg,5275,11243
000393.png,yolo_lane_following/dataset/images/train/s00_000472_obs.jpg,5496,11025
000394.png,yolo_lane_following/dataset/images/train/s00_000474.jpg,4938,11171
000395.png,yolo_lane_following/dataset/images/train/s00_000474_obs.jpg,4938,10757
000396.png,yolo_lane_following/dataset/images/train/s00_000476.jpg,5339,9764
000397.png,yolo_lane_following/dataset/images/train/s00_000478.jpg,5207,10119
000398.png,yolo_lane_following/dataset/images/train/s00_000478_obs.jpg,5207,10378
000399.png,yolo_lane_following/dataset/images/train/s00_000480.jpg,4068,11891
000400.png,yolo_lane_following/dataset/images/train/s00_000482.jpg,3002,12239
000401.png,yolo_lane_following/dataset/images/train/s00_000484.jpg,24441,10207
000402.png,yolo_lane_following/dataset/images/train/s00_000484_obs.jpg,24708,10000
000403.png,yolo_lane_following/dataset/images/train/s00_000486.jpg,27839,6746
000404.png,yolo_lane_following/dataset/images/train/s00_000488.jpg,27365,7197
000405.png,yolo_lane_following/dataset/images/train/s00_000490.jpg,26769,7849
000406.png,yolo_lane_following/dataset/images/train/s00_000490_obs.jpg,26568,8020
000407.png,yolo_lane_following/dataset/images/train/s00_000492.jpg,24126,10275
000408.png,yolo_lane_following/dataset/images/train/s00_000492_obs.jpg,23902,9959
000409.png,yolo_lane_following/dataset/images/train/s00_000494.jpg,24427,9736
000410.png,yolo_lane_following/dataset/images/train/s00_000494_obs.jpg,24433,9731
000411.png,yolo_lane_following/dataset/images/train/s00_000496.jpg,24806,9438
000412.png,yolo_lane_following/dataset/images/train/s00_000496_obs.jpg,24817,9430
000413.png,yolo_lane_following/dataset/images/train/s02_000000.jpg,18128,6305
000414.png,yolo_lane_following/dataset/images/train/s02_000001.jpg,19352,4725
000415.png,yolo_lane_following/dataset/images/train/s02_000001_obs.jpg,18947,4725
000416.png,yolo_lane_following/dataset/images/train/s02_000002.jpg,18747,6499
000417.png,yolo_lane_following/dataset/images/train/s02_000002_obs.jpg,18747,6499
000418.png,yolo_lane_following/dataset/images/train/s02_000003.jpg,18455,6091
000419.png,yolo_lane_following/dataset/images/train/s02_000003_obs.jpg,18065,6491
000420.png,yolo_lane_following/dataset/images/train/s02_000004.jpg,18454,6070
000421.png,yolo_lane_following/dataset/images/train/s02_000004_obs.jpg,18005,6531
000422.png,yolo_lane_following/dataset/images/train/s02_000005.jpg,18232,5752
000423.png,yolo_lane_following/dataset/images/train/s02_000006.jpg,19311,5979
000424.png,yolo_lane_following/dataset/images/train/s02_000006_obs.jpg,18950,6348
000425.png,yolo_lane_following/dataset/images/train/s02_000007.jpg,28869,6830
000426.png,yolo_lane_following/dataset/images/train/s02_000008.jpg,30219,5405
000427.png,yolo_lane_following/dataset/images/train/s02_000008_obs.jpg,30218,5405
000428.png,yolo_lane_following/dataset/images/train/s02_000009.jpg,30768,5146
000429.png,yolo_lane_following/dataset/images/train/s02_000009_obs.jpg,30768,5146
000430.png,yolo_lane_following/dataset/images/train/s02_000010.jpg,19242,5782
000431.png,yolo_lane_following/dataset/images/train/s02_000010_obs.jpg,19453,5553
000432.png,yolo_lane_following/dataset/images/train/s02_000011.jpg,28446,6548
000433.png,yolo_lane_following/dataset/images/train/s02_000011_obs.jpg,28446,6548
000434.png,yolo_lane_following/dataset/images/train/s02_000012.jpg,19141,5023
000435.png,yolo_lane_following/dataset/images/train/s02_000012_obs.jpg,19141,5023
000436.png,yolo_lane_following/dataset/images/train/s02_000013.jpg,19093,5271
000437.png,yolo_lane_following/dataset/images/train/s02_000014.jpg,30084,5425
000438.png,yolo_lane_following/dataset/images/train/s02_000014_obs.jpg,30084,5425
000439.png,yolo_lane_following/dataset/images/train/s02_000015.jpg,30412,4926
000440.png,yolo_lane_following/dataset/images/train/s02_000015_obs.jpg,30065,4930
000441.png,yolo_lane_following/dataset/images/train/s02_000016.jpg,20026,4327
000442.png,yolo_lane_following/dataset/images/train/s02_000016_obs.jpg,19542,4826
000443.png,yolo_lane_following/dataset/images/train/s02_000017.jpg,20181,4489
000444.png,yolo_lane_following/dataset/images/train/s02_000017_obs.jpg,19881,4798
000445.png,yolo_lane_following/dataset/images/train/s02_000018.jpg,19701,4749
000446.png,yolo_lane_following/dataset/images/train/s02_000018_obs.jpg,19701,4749
000447.png,yolo_lane_following/dataset/images/train/s02_000019.jpg,16410,5600
000448.png,yolo_lane_following/dataset/images/train/s02_000020.jpg,20084,4823
000449.png,yolo_lane_following/dataset/images/train/s02_000020_obs.jpg,19685,5229
000450.png,yolo_lane_following/dataset/images/train/s02_000021.jpg,19607,5302
000451.png,yolo_lane_following/dataset/images/train/s02_000021_obs.jpg,19082,5302
000452.png,yolo_lane_following/dataset/images/train/s02_000022.jpg,20235,4255
000453.png,yolo_lane_following/dataset/images/train/s02_000023.jpg,20375,4266
000454.png,yolo_lane_following/dataset/images/train/s02_000023_obs.jpg,20375,4266
000455.png,yolo_lane_following/dataset/images/train/s02_000024.jpg,31172,4674
000456.png,yolo_lane_following/dataset/images/train/s02_000024_obs.jpg,31172,4674
000457.png,yolo_lane_following/dataset/images/train/s02_000025.jpg,17622,6052
000458.png,yolo_lane_following/dataset/images/train/s02_000025_obs.jpg,17622,6052
000459.png,yolo_lane_following/dataset/images/train/s02_000026.jpg,17758,6009
000460.png,yolo_lane_following/dataset/images/train/s02_000027.jpg,17344,6269
000461.png,yolo_lane_following/dataset/images/train/s02_000027_obs.jpg,16784,6269
000462.png,yolo_lane_following/dataset/images/train/s02_000028.jpg,29854,5611
000463.png,yolo_lane_following/dataset/images/train/s02_000028_obs.jpg,30270,5268
000464.png,yolo_lane_following/dataset/images/train/s02_000029.jpg,30089,5442
000465.png,yolo_lane_following/dataset/images/train/s02_000030.jpg,29851,5517
000466.png,yolo_lane_following/dataset/images/train/s02_000030_obs.jpg,29851,5517
000467.png,yolo_lane_following/dataset/images/train/s02_000031.jpg,16504,9708
000468.png,yolo_lane_following/dataset/images/train/s02_000031_obs.jpg,16166,9708
000469.png,yolo_lane_following/dataset/images/train/s02_000032.jpg,16810,8208
000470.png,yolo_lane_following/dataset/images/train/s02_000032_obs.jpg,16810,8208
000471.png,yolo_lane_following/dataset/images/train/s02_000033.jpg,16626,9968
000472.png,yolo_lane_following/dataset/images/train/s02_000034.jpg,16533,9118
000473.png,yolo_lane_following/dataset/images/train/s02_000034_obs.jpg,15861,9118
000474.png,yolo_lane_following/dataset/images/train/s02_000035.jpg,16442,5795
000475.png,yolo_lane_following/dataset/images/train/s02_000036.jpg,19352,4725
000476.png,yolo_lane_following/dataset/images/train/s02_000037.jpg,19282,4819
000477.png,yolo_lane_following/dataset/images/train/s02_000038.jpg,19439,4423
000478.png,yolo_lane_following/dataset/images/train/s02_000038_obs.jpg,19439,4423
000479.png,yolo_lane_following/dataset/images/train/s02_000039.jpg,19664,3750
000480.png,yolo_lane_following/dataset/images/train/s02_000040.jpg,32093,3598
000481.png,yolo_lane_following/dataset/images/train/s02_000040_obs.jpg,31533,4176
000482.png,yolo_lane_following/dataset/images/train/s02_000041.jpg,31405,3835
000483.png,yolo_lane_following/dataset/images/train/s02_000042.jpg,19949,3768
000484.png,yolo_lane_following/dataset/images/train/s02_000042_obs.jpg,19949,3768
000485.png,yolo_lane_following/dataset/images/train/s02_000043.jpg,30099,4463
000486.png,yolo_lane_following/dataset/images/train/s02_000043_obs.jpg,29907,4463
000487.png,yolo_lane_following/dataset/images/train/s02_000044.jpg,29193,4983
000488.png,yolo_lane_following/dataset/images/train/s02_000045.jpg,30769,4578
000489.png,yolo_lane_following/dataset/images/train/s02_000045_obs.jpg,30469,4578
000490.png,yolo_lane_following/dataset/images/train/s02_000046.jpg,29824,5546
000491.png,yolo_lane_following/dataset/images/train/s02_000046_obs.jpg,29824,5546
000492.png,yolo_lane_following/dataset/images/train/s02_000047.jpg,29423,5831
000493.png,yolo_lane_following/dataset/images/train/s02_000048.jpg,30783,4899
000494.png,yolo_lane_following/dataset/images/train/s02_000049.jpg,29512,6111
000495.png,yolo_lane_following/dataset/images/train/s02_000050.jpg,30373,5312
000496.png,yolo_lane_following/dataset/images/train/s02_000050_obs.jpg,30601,5170
000497.png,yolo_lane_following/dataset/images/train/s02_000051.jpg,30280,5540
000498.png,yolo_lane_following/dataset/images/train/s02_000051_obs.jpg,29814,5540
000499.png,yolo_lane_following/dataset/images/train/s02_000052.jpg,26887,6370
000500.png,yolo_lane_following/dataset/images/train/s02_000053.jpg,17555,7461
000501.png,yolo_lane_following/dataset/images/train/s02_000053_obs.jpg,17595,7424
000502.png,yolo_lane_following/dataset/images/train/s02_000054.jpg,18237,7034
000503.png,yolo_lane_following/dataset/images/train/s02_000055.jpg,18702,6516
000504.png,yolo_lane_following/dataset/images/train/s02_000056.jpg,18771,6179
000505.png,yolo_lane_following/dataset/images/train/s02_000057.jpg,18909,5730
000506.png,yolo_lane_following/dataset/images/train/s02_000057_obs.jpg,18603,6045
000507.png,yolo_lane_following/dataset/images/train/s02_000058.jpg,18856,5045
000508.png,yolo_lane_following/dataset/images/train/s02_000058_obs.jpg,18856,5045
000509.png,yolo_lane_following/dataset/images/train/s02_000059.jpg,19676,4377
000510.png,yolo_lane_following/dataset/images/train/s02_000059_obs.jpg,19676,4377
000511.png,yolo_lane_following/dataset/images/train/s02_000060.jpg,18510,7075
000512.png,yolo_lane_following/dataset/images/train/s02_000060_obs.jpg,18510,7075
000513.png,yolo_lane_following/dataset/images/train/s02_000061.jpg,16869,5322
000514.png,yolo_lane_following/dataset/images/train/s02_000062.jpg,17163,5241
000515.png,yolo_lane_following/dataset/images/train/s02_000062_obs.jpg,17163,5241
000516.png,yolo_lane_following/dataset/images/train/s02_000063.jpg,17455,7482
000517.png,yolo_lane_following/dataset/images/train/s02_000063_obs.jpg,17133,7813
000518.png,yolo_lane_following/dataset/images/train/s02_000064.jpg,29513,4951
000519.png,yolo_lane_following/dataset/images/train/s02_000064_obs.jpg,29513,4951
000520.png,yolo_lane_following/dataset/images/train/s02_000065.jpg,30669,3913
000521.png,yolo_lane_following/dataset/images/train/s02_000066.jpg,30035,5699
000522.png,yolo_lane_following/dataset/images/train/s02_000066_obs.jpg,30035,5699
000523.png,yolo_lane_following/dataset/images/train/s02_000067.jpg,17532,6375
000524.png,yolo_lane_following/dataset/images/train/s02_000067_obs.jpg,17424,6375
000525.png,yolo_lane_following/dataset/images/train/s02_000068.jpg,17972,6654
000526.png,yolo_lane_following/dataset/images/train/s02_000068_obs.jpg,17847,6779
000527.png,yolo_lane_following/dataset/images/train/s02_000069.jpg,17850,6368
000528.png,yolo_lane_following/dataset/images/train/s02_000069_obs.jpg,18161,6239
000529.png,yolo_lane_following/dataset/images/train/s02_000070.jpg,26774,5046
000530.png,yolo_lane_following/dataset/images/train/s02_000070_obs.jpg,26476,5339
000531.png,yolo_lane_following/dataset/images/train/s02_000071.jpg,30210,5287
000532.png,yolo_lane_following/dataset/images/train/s02_000071_obs.jpg,30049,4962
000533.png,yolo_lane_following/dataset/images/train/s02_000072.jpg,29359,5898
000534.png,yolo_lane_following/dataset/images/train/s02_000073.jpg,18274,6463
000535.png,yolo_lane_following/dataset/images/train/s02_000074.jpg,17869,6876
000536.png,yolo_lane_following/dataset/images/train/s02_000074_obs.jpg,17869,6876
000537.png,yolo_lane_following/dataset/images/train/s02_000075.jpg,18349,6182
000538.png,yolo_lane_following/dataset/images/train/s02_000076.jpg,18821,5885
000539.png,yolo_lane_following/dataset/images/train/s02_000076_obs.jpg,18821,5885
000540.png,yolo_lane_following/dataset/images/train/s02_000077.jpg,19084,5636
000541.png,yolo_lane_following/dataset/images/train/s02_000077_obs.jpg,18431,5601
000542.png,yolo_lane_following/dataset/images/train/s02_000078.jpg,19230,5190
000543.png,yolo_lane_following/dataset/images/train/s02_000079.jpg,19604,4998
000544.png,yolo_lane_following/dataset/images/train/s02_000079_obs.jpg,19586,4563
000545.png,yolo_lane_following/dataset/images/train/s02_000080.jpg,18747,6499
000546.png,yolo_lane_following/dataset/images/train/s02_000081.jpg,19860,4826
000547.png,yolo_lane_following/dataset/images/train/s02_000081_obs.jpg,19365,4826
000548.png,yolo_lane_following/dataset/images/train/s02_000082.jpg,19711,4878
000549.png,yolo_lane_following/dataset/images/train/s02_000082_obs.jpg,19711,4878
000550.png,yolo_lane_following/dataset/images/train/s02_000083.jpg,19604,4929
000551.png,yolo_lane_following/dataset/images/train/s02_000083_obs.jpg,19338,5202
000552.png,yolo_lane_following/dataset/images/train/s02_000084.jpg,30851,4793
000553.png,yolo_lane_following/dataset/images/train/s02_000084_obs.jpg,30883,4645
000554.png,yolo_lane_following/dataset/images/train/s02_000085.jpg,17637,7438
000555.png,yolo_lane_following/dataset/images/train/s02_000085_obs.jpg,17321,7717
000556.png,yolo_lane_following/dataset/images/train/s02_000086.jpg,30718,5022
000557.png,yolo_lane_following/dataset/images/train/s02_000086_obs.jpg,30409,4991
000558.png,yolo_lane_following/dataset/images/train/s02_000087.jpg,17982,7129
000559.png,yolo_lane_following/dataset/images/train/s02_000088.jpg,17961,6863
000560.png,yolo_lane_following/dataset/images/train/s02_000089.jpg,18069,6383
000561.png,yolo_lane_following/dataset/images/train/s02_000090.jpg,18287,6270
000562.png,yolo_lane_following/dataset/images/train/s02_000090_obs.jpg,18287,6270
000563.png,yolo_lane_following/dataset/images/train/s02_000091.jpg,18455,6091
000564.png,yolo_lane_following/dataset/images/train/s02_000092.jpg,18454,6070
000565.png,yolo_lane_following/dataset/images/train/s02_000092_obs.jpg,18193,6070
000566.png,yolo_lane_following/dataset/images/train/s02_000093.jpg,18232,5752
000567.png,yolo_lane_following/dataset/images/train/s02_000093_obs.jpg,18373,5611
000568.png,yolo_lane_following/dataset/images/train/s02_000094.jpg,19434,5549
000569.png,yolo_lane_following/dataset/images/train/s02_000094_obs.jpg,19434,5492
000570.png,yolo_lane_following/dataset/images/train/s02_000095.jpg,19311,5979
000571.png,yolo_lane_following/dataset/images/train/s02_000095_obs.jpg,19311,5979
000572.png,yolo_lane_following/dataset/images/train/s02_000096.jpg,28869,6830
000573.png,yolo_lane_following/dataset/images/train/s02_000096_obs.jpg,28869,6830
000574.png,yolo_lane_following/dataset/images/train/s02_000097.jpg,30219,5405
000575.png,yolo_lane_following/dataset/images/train/s02_000098.jpg,30768,5146
000576.png,yolo_lane_following/dataset/images/train/s02_000098_obs.jpg,30096,5834
000577.png,yolo_lane_following/dataset/images/train/s02_000099.jpg,19242,5782
000578.png,yolo_lane_following/dataset/images/train/s02_000099_obs.jpg,18714,5782
000579.png,yolo_lane_following/dataset/images/train/s02_000100.jpg,18669,5555
000580.png,yolo_lane_following/dataset/images/train/s02_000101.jpg,28446,6548
000581.png,yolo_lane_following/dataset/images/train/s02_000101_obs.jpg,28446,6548
000582.png,yolo_lane_following/dataset/images/train/s02_000102.jpg,19141,5023
000583.png,yolo_lane_following/dataset/images/train/s02_000103.jpg,19093,5271
000584.png,yolo_lane_following/dataset/images/train/s02_000104.jpg,30084,5425
000585.png,yolo_lane_following/dataset/images/train/s02_000105.jpg,30412,4926
000586.png,yolo_lane_following/dataset/images/train/s02_000105_obs.jpg,30397,4947
000587.png,yolo_lane_following/dataset/images/train/s02_000106.jpg,30230,5101
000588.png,yolo_lane_following/dataset/images/train/s02_000106_obs.jpg,29882,5458
000589.png,yolo_lane_following/dataset/images/train/s02_000107.jpg,20026,4327
000590.png,yolo_lane_following/dataset/images/train/s02_000107_obs.jpg,19818,4542
000591.png,yolo_lane_following/dataset/images/train/s02_000108.jpg,20181,4489
000592.png,yolo_lane_following/dataset/images/train/s02_000109.jpg,19701,4749
000593.png,yolo_lane_following/dataset/images/train/s02_000109_obs.jpg,19429,4749
000594.png,yolo_lane_following/dataset/images/train/s02_000110.jpg,16410,5600
000595.png,yolo_lane_following/dataset/images/train/s02_000110_obs.jpg,15969,5600
000596.png,yolo_lane_following/dataset/images/train/s02_000111.jpg,20084,4823
000597.png,yolo_lane_following/dataset/images/train/s02_000112.jpg,19607,5302
000598.png,yolo_lane_following/dataset/images/train/s02_000112_obs.jpg,19607,5302
000599.png,yolo_lane_following/dataset/images/train/s02_000113.jpg,20235,4255
000600.png,yolo_lane_following/dataset/images/train/s02_000113_obs.jpg,19893,4255
000601.png,yolo_lane_following/dataset/images/train/s02_000114.jpg,20375,4266
000602.png,yolo_lane_following/dataset/images/train/s02_000115.jpg,31172,4674
