frame,time_s,target_x,target_jump_px,steering,throttle_preview,control_state,lane_confident,obstacle,decision,case,latency_ms
0,0.000,97,0,-0.21027,0.00800,follow,1,0,follow:centerline,centerline:locked|follow:centerline,446.728
1,0.033,99,2,-0.17692,0.01600,follow,1,0,follow:centerline,centerline:locked|follow:centerline,52.895
2,0.067,101,2,-0.14893,0.02400,follow,1,0,follow:centerline,centerline:locked|follow:centerline,52.233
3,0.100,104,3,-0.11506,0.03200,follow,1,0,follow:centerline,centerline:locked|follow:centerline,49.884
4,0.134,107,3,-0.07986,0.04000,follow,1,0,follow:centerline,centerline:locked|follow:centerline,62.780
5,0.167,110,3,-0.02785,0.04800,follow,1,0,follow:centerline,centerline:locked|follow:centerline,55.807
6,0.200,112,2,-0.01170,0.05600,follow,1,0,follow:centerline,centerline:locked|follow:centerline,51.956
7,0.234,115,3,-0.00491,0.06400,follow,1,0,follow:centerline,centerline:locked|follow:centerline,60.294
8,0.267,117,2,0.03859,0.07200,follow,1,0,follow:centerline,centerline:locked|follow:centerline,53.145
9,0.301,120,3,0.07555,0.08000,follow,1,0,follow:centerline,centerline:locked|follow:centerline,60.590
10,0.334,122,2,0.10392,0.08800,follow,1,0,follow:centerline,centerline:locked|follow:centerline,51.542
11,0.367,124,2,0.12982,0.09600,follow,1,0,follow:centerline,centerline:locked|follow:centerline,53.647
12,0.401,126,2,0.15468,0.09000,slow:obstacle,1,1,follow:centerline,centerline:locked|follow:centerline,52.833
13,0.434,127,1,0.17097,0.09800,follow,1,0,follow:centerline,centerline:locked|follow:centerline,50.841
14,0.468,127,0,0.17667,0.09000,slow:obstacle,1,1,follow:centerline,centerline:history|follow:centerline,44.026
15,0.501,127,0,0.17907,0.09800,follow,1,0,follow:centerline,centerline:locked|follow:centerline,50.659
16,0.534,126,1,0.17194,0.09000,slow:obstacle,1,1,follow:centerline,centerline:locked|follow:centerline,49.820
17,0.568,126,0,0.17009,0.09000,slow:obstacle,1,1,follow:centerline,centerline:locked|follow:centerline,55.139
18,0.601,126,0,0.16931,0.09000,slow:obstacle,1,1,follow:centerline,centerline:locked|follow:centerline,53.216
19,0.635,125,1,0.16086,0.09800,follow,1,0,follow:centerline,centerline:locked|follow:centerline,51.986
20,0.668,125,0,0.15844,0.10600,follow,1,0,follow:centerline,centerline:locked|follow:centerline,56.690
21,0.701,125,0,0.15743,0.11400,follow,1,0,follow:centerline,centerline:locked|follow:centerline,51.366
22,0.735,123,2,0.14074,0.12200,follow,1,0,follow:centerline,centerline:locked|follow:centerline,48.113
23,0.768,121,2,0.11975,0.13000,follow,1,0,follow:centerline,centerline:locked|follow:centerline,51.584
24,0.802,120,1,0.10509,0.13800,follow,1,0,follow:centerline,centerline:locked|follow:centerline,48.324
25,0.835,119,1,0.09193,0.14600,follow,1,0,follow:centerline,centerline:locked|follow:centerline,49.674
26,0.868,118,1,0.07942,0.15400,follow,1,0,follow:centerline,centerline:locked|follow:centerline,48.596
27,0.902,118,0,0.07530,0.16200,follow,1,0,follow:centerline,centerline:locked|follow:centerline,46.721
28,0.935,116,2,0.05731,0.17000,follow,1,0,follow:centerline,centerline:locked|follow:centerline,49.393
29,0.969,115,1,0.01951,0.17782,follow,1,0,follow:centerline,centerline:locked|follow:centerline,47.993
30,1.002,115,0,0.00820,0.17909,follow,1,0,follow:centerline,centerline:locked|follow:centerline,55.290
31,1.035,114,1,0.00344,0.17962,follow,1,0,follow:centerline,centerline:locked|follow:centerline,49.709
32,1.069,113,1,0.00145,0.17984,follow,1,0,follow:centerline,centerline:locked|follow:centerline,55.699
33,1.102,113,0,0.00061,0.17993,follow,1,0,follow:centerline,centerline:locked|follow:centerline,53.631
34,1.136,112,1,0.00026,0.17997,follow,1,0,follow:centerline,centerline:locked|follow:centerline,46.157
35,1.169,112,0,0.00011,0.17999,follow,1,0,follow:centerline,centerline:locked|follow:centerline,51.495
36,1.202,111,1,0.00004,0.17999,follow,1,0,follow:centerline,centerline:locked|follow:centerline,65.382
37,1.236,110,1,0.00002,0.18000,follow,1,0,follow:centerline,centerline:locked|follow:centerline,53.889
38,1.269,109,1,0.00001,0.18000,follow,1,0,follow:centerline,centerline:locked|follow:centerline,54.106
39,1.303,109,0,0.00000,0.18000,follow,1,0,follow:centerline,centerline:locked|follow:centerline,61.578
40,1.336,108,1,-0.03252,0.17637,follow,1,0,follow:centerline,centerline:locked|follow:centerline,52.153
41,1.369,108,0,-0.04162,0.17535,follow,1,0,follow:centerline,centerline:history|follow:centerline,50.172
42,1.403,107,1,-0.05358,0.17402,follow,1,0,follow:centerline,centerline:locked|follow:centerline,48.260
43,1.436,108,1,-0.04933,0.17450,follow,1,0,follow:centerline,centerline:locked|follow:centerline,47.800
44,1.470,109,1,-0.01616,0.17820,follow,1,0,follow:centerline,centerline:locked|follow:centerline,44.694
45,1.503,111,2,-0.00679,0.14320,slow:obstacle,1,1,follow:centerline,centerline:locked|follow:centerline,49.296
46,1.536,112,1,-0.00285,0.15120,follow,1,0,follow:centerline,centerline:locked|follow:centerline,51.832
47,1.570,114,2,-0.00120,0.15920,follow,1,0,follow:centerline,centerline:locked|follow:centerline,50.434
48,1.603,130,16,0.14584,0.16372,follow,1,0,follow:centerline,centerline:locked|follow:centerline,53.166
49,1.637,130,0,0.18709,0.15912,follow,1,0,follow:centerline,centerline:history|follow:centerline,53.011
50,1.670,130,0,0.20442,0.15719,follow,1,0,follow:centerline,centerline:history|follow:centerline,55.990
51,1.703,121,9,0.13852,0.16454,follow,1,0,follow:centerline,centerline:locked|follow:centerline,54.920
52,1.737,117,4,0.08858,0.17011,follow,1,0,follow:centerline,centerline:locked|follow:centerline,60.348
53,1.770,115,2,0.03151,0.17648,follow,1,0,follow:centerline,centerline:locked|follow:centerline,54.855
54,1.804,114,1,0.01323,0.17852,follow,1,0,follow:centerline,centerline:locked|follow:centerline,52.891
55,1.837,114,0,0.00556,0.17938,follow,1,0,follow:centerline,centerline:history|follow:centerline,59.503
56,1.870,102,12,-0.07897,0.17119,follow,1,0,follow:centerline,centerline:locked|follow:centerline,53.913
57,1.904,107,5,-0.06243,0.17303,follow,1,0,follow:centerline,centerline:locked|follow:centerline,54.600
58,1.937,109,2,-0.02052,0.17771,follow,1,0,follow:centerline,centerline:locked|follow:centerline,52.741
59,1.971,110,1,-0.00862,0.17904,follow,1,0,follow:centerline,centerline:locked|follow:centerline,51.527
60,2.004,110,0,-0.00362,0.17960,follow,1,0,follow:centerline,centerline:locked|follow:centerline,49.730
61,2.037,110,0,-0.00152,0.17983,follow,1,0,follow:centerline,centerline:locked|follow:centerline,55.732
62,2.071,109,1,-0.00064,0.17993,follow,1,0,follow:centerline,centerline:locked|follow:centerline,53.184
63,2.104,109,0,-0.00027,0.17997,follow,1,0,follow:centerline,centerline:locked|follow:centerline,52.773
64,2.138,109,0,-0.00011,0.17999,follow,1,0,follow:centerline,centerline:history|follow:centerline,50.668
65,2.171,110,1,-0.00005,0.17999,follow,1,0,follow:centerline,centerline:locked|follow:centerline,52.035
66,2.204,110,0,-0.00002,0.18000,follow,1,0,follow:centerline,centerline:locked|follow:centerline,50.575
67,2.238,111,1,-0.00001,0.18000,follow,1,0,follow:centerline,centerline:locked|follow:centerline,55.090
68,2.271,111,0,-0.00000,0.18000,follow,1,0,follow:centerline,centerline:locked|follow:centerline,50.839
69,2.305,111,0,-0.00000,0.18000,follow,1,0,follow:centerline,centerline:locked|follow:centerline,50.700
70,2.338,110,1,-0.00000,0.18000,follow,1,0,follow:centerline,centerline:locked|follow:centerline,46.299
71,2.371,110,0,-0.00000,0.18000,follow,1,0,follow:centerline,centerline:locked|follow:centerline,48.620
72,2.405,109,1,-0.00000,0.18000,follow,1,0,follow:centerline,centerline:locked|follow:centerline,47.054
73,2.438,109,0,-0.00000,0.18000,follow,1,0,follow:centerline,centerline:locked|follow:centerline,47.322
74,2.472,110,1,-0.00000,0.18000,follow,1,0,follow:centerline,centerline:locked|follow:centerline,45.978
75,2.505,111,1,-0.00000,0.18000,follow,1,0,follow:centerline,centerline:locked|follow:centerline,46.401
76,2.538,112,1,-0.00000,0.18000,follow,1,0,follow:centerline,centerline:locked|follow:centerline,44.221
77,2.572,114,2,-0.00000,0.18000,follow,1,0,follow:centerline,centerline:locked|follow:centerline,43.726
78,2.605,116,2,0.03252,0.17637,follow,1,0,follow:centerline,centerline:locked|follow:centerline,41.979
79,2.639,118,2,0.05788,0.17354,follow,1,0,follow:centerline,centerline:locked|follow:centerline,46.936
80,2.672,120,2,0.08252,0.17079,follow,1,0,follow:centerline,centerline:locked|follow:centerline,46.161
81,2.705,122,2,0.10685,0.16808,follow,1,0,follow:centerline,centerline:locked|follow:centerline,43.028
82,2.739,123,1,0.12292,0.16628,follow,1,0,follow:centerline,centerline:locked|follow:centerline,50.544
83,2.772,124,1,0.13666,0.16475,follow,1,0,follow:centerline,centerline:locked|follow:centerline,46.627
84,2.806,125,1,0.14942,0.16332,follow,1,0,follow:centerline,centerline:locked|follow:centerline,56.227
85,2.839,126,1,0.16177,0.16195,follow,1,0,follow:centerline,centerline:locked|follow:centerline,47.511
86,2.872,128,2,0.18208,0.15968,follow,1,0,follow:centerline,centerline:locked|follow:centerline,49.624
87,2.906,131,3,0.21272,0.15626,follow,1,0,follow:centerline,centerline:locked|follow:centerline,51.225
88,2.939,131,0,0.22217,0.15521,follow,1,0,follow:centerline,centerline:locked|follow:centerline,46.296
89,2.973,134,3,0.25053,0.15204,follow,1,0,follow:centerline,centerline:locked|follow:centerline,42.099
90,3.006,135,1,0.26716,0.15019,follow,1,0,follow:centerline,centerline:locked|follow:centerline,48.122
91,3.039,138,3,0.29739,0.14681,follow,1,0,follow:centerline,centerline:locked|follow:centerline,47.667
92,3.073,137,1,0.29854,0.14668,follow,1,0,follow:centerline,centerline:locked|follow:centerline,52.088
93,3.106,139,2,0.31643,0.14469,follow,1,0,follow:centerline,centerline:locked|follow:centerline,50.067
94,3.140,144,5,0.36231,0.13957,follow,1,0,follow:centerline,centerline:locked|follow:centerline,53.179
95,3.173,147,3,0.40028,0.13533,follow,1,0,follow:centerline,centerline:locked|follow:centerline,49.313
96,3.206,150,3,0.43719,0.13121,follow,1,0,follow:centerline,centerline:locked|follow:centerline,59.110
97,3.240,151,1,0.45741,0.12895,follow,1,0,follow:centerline,centerline:locked|follow:centerline,55.520
98,3.273,142,9,0.39159,0.13630,follow,1,0,follow:centerline,centerline:locked|follow:centerline,53.969
99,3.307,140,2,0.35794,0.14005,follow,1,0,follow:centerline,centerline:locked|follow:centerline,53.658
100,3.340,126,14,0.23226,0.14805,follow,1,0,follow:centerline,centerline:locked|follow:centerline,63.373
101,3.373,114,12,0.08160,0.15605,follow,1,0,follow:centerline,centerline:locked|follow:centerline,59.328
102,3.407,114,0,0.03427,0.16405,follow,1,0,follow:centerline,centerline:locked|follow:centerline,53.856
103,3.440,118,4,0.06318,0.17205,follow,1,0,follow:centerline,centerline:locked|follow:centerline,59.725
104,3.474,113,5,0.01970,0.17780,follow,1,0,follow:centerline,centerline:locked|follow:centerline,56.888
105,3.507,113,0,0.00827,0.17908,follow,1,0,follow:centerline,centerline:history|follow:centerline,53.080
106,3.540,113,0,0.00347,0.17961,follow,1,0,follow:centerline,centerline:history|follow:centerline,50.498
107,3.574,118,5,0.05024,0.17439,follow,1,0,follow:centerline,centerline:locked|follow:centerline,54.417
108,3.607,118,0,0.06305,0.17296,follow,1,0,follow:centerline,centerline:history|follow:centerline,50.632
109,3.641,118,0,0.06843,0.17236,follow,1,0,follow:centerline,centerline:locked|follow:centerline,52.784
110,3.674,121,3,0.09508,0.16939,follow,1,0,follow:centerline,centerline:locked|follow:centerline,55.751
111,3.707,129,8,0.16789,0.16126,follow,1,0,follow:centerline,centerline:locked|follow:centerline,64.946
112,3.741,137,8,0.25441,0.15161,follow,1,0,follow:centerline,centerline:locked|follow:centerline,53.874
113,3.774,140,3,0.30602,0.14585,follow,1,0,follow:centerline,centerline:locked|follow:centerline,52.639
114,3.808,141,1,0.33241,0.14290,follow,1,0,follow:centerline,centerline:locked|follow:centerline,50.369
115,3.841,141,0,0.34235,0.14179,follow,1,0,follow:centerline,centerline:locked|follow:centerline,50.421
116,3.874,141,0,0.34653,0.14133,follow,1,0,follow:centerline,centerline:locked|follow:centerline,54.282
117,3.908,151,10,0.42959,0.13206,follow,1,0,follow:centerline,centerline:locked|follow:centerline,48.444
118,3.941,151,0,0.45308,0.12944,follow,1,0,follow:centerline,centerline:locked|follow:centerline,47.782
119,3.975,156,5,0.50360,0.12380,follow,1,0,follow:centerline,centerline:locked|follow:centerline,54.271
120,4.008,175,19,0.67359,0.10483,follow,1,0,follow:centerline,centerline:locked|follow:centerline,48.797
121,4.041,185,10,0.80465,0.09020,follow,1,0,follow:centerline,centerline:locked|follow:centerline,49.482
122,4.075,185,0,0.84830,0.09000,follow,1,0,follow:centerline,centerline:history|follow:centerline,50.835
123,4.108,185,0,0.86663,0.09000,follow,1,0,follow:centerline,centerline:history|follow:centerline,48.771
124,4.142,187,2,0.89060,0.09000,follow,1,0,follow:centerline,centerline:locked|follow:centerline,48.464
125,4.175,179,8,0.83334,0.09000,follow,1,0,follow:centerline,centerline:locked|follow:centerline,51.330
126,4.208,179,0,0.81840,0.09000,follow,1,0,follow:centerline,centerline:history|follow:centerline,50.494
127,4.242,161,18,0.66578,0.09800,follow,1,0,follow:centerline,centerline:locked|follow:centerline,49.420
128,4.275,162,1,0.63032,0.10600,follow,1,0,follow:centerline,centerline:locked|follow:centerline,51.929
129,4.309,149,13,0.50859,0.11400,follow,1,0,follow:centerline,centerline:locked|follow:centerline,50.529
130,4.342,149,0,0.47228,0.12200,follow,1,0,follow:centerline,centerline:locked|follow:centerline,46.905
131,4.375,164,15,0.57898,0.11539,follow,1,0,follow:centerline,centerline:locked|follow:centerline,53.515
132,4.409,175,11,0.69614,0.10231,follow,1,0,follow:centerline,centerline:locked|follow:centerline,59.481
133,4.442,172,3,0.70843,0.10094,follow,1,0,follow:centerline,centerline:locked|follow:centerline,55.538
134,4.476,172,0,0.71700,0.09998,follow,1,0,follow:centerline,centerline:history|follow:centerline,46.149
135,4.509,153,19,0.56613,0.10798,follow,1,0,follow:centerline,centerline:locked|follow:centerline,68.610
136,4.542,142,11,0.43497,0.11598,follow,1,0,follow:centerline,centerline:locked|follow:centerline,47.494
137,4.576,138,4,0.35990,0.12398,follow,1,0,follow:centerline,centerline:locked|follow:centerline,48.661
138,4.609,137,1,0.32480,0.13198,follow,1,0,follow:centerline,centerline:locked|follow:centerline,48.253
139,4.643,143,6,0.35997,0.13983,follow,1,0,follow:centerline,centerline:locked|follow:centerline,48.265
140,4.676,146,3,0.39230,0.13622,follow,1,0,follow:centerline,centerline:locked|follow:centerline,47.271
141,4.709,158,12,0.50003,0.12420,follow,1,0,follow:centerline,centerline:locked|follow:centerline,45.569
142,4.743,163,5,0.57225,0.11614,follow,1,0,follow:centerline,centerline:locked|follow:centerline,46.273
143,4.776,166,3,0.62128,0.11066,follow,1,0,follow:centerline,centerline:locked|follow:centerline,45.189
144,4.810,165,1,0.63033,0.10966,follow,1,0,follow:centerline,centerline:locked|follow:centerline,46.094
145,4.843,165,0,0.63526,0.10910,follow,1,0,follow:centerline,centerline:locked|follow:centerline,43.624
146,4.876,170,5,0.67799,0.10434,follow,1,0,follow:centerline,centerline:locked|follow:centerline,48.956
147,4.910,161,9,0.61706,0.11114,follow,1,0,follow:centerline,centerline:locked|follow:centerline,54.602
148,4.943,160,1,0.59360,0.11375,follow,1,0,follow:centerline,centerline:locked|follow:centerline,48.239
149,4.977,161,1,0.59301,0.11382,follow,1,0,follow:centerline,centerline:locked|follow:centerline,51.325
150,5.010,158,3,0.56724,0.11670,follow,1,0,follow:centerline,centerline:locked|follow:centerline,49.644
151,5.043,152,6,0.51105,0.12297,follow,1,0,follow:centerline,centerline:locked|follow:centerline,51.514
152,5.077,135,17,0.35607,0.13097,follow,1,0,follow:centerline,centerline:locked|follow:centerline,54.244
153,5.110,125,10,0.22904,0.13897,follow,1,0,follow:centerline,centerline:locked|follow:centerline,49.033
154,5.144,121,4,0.15456,0.14697,follow,1,0,follow:centerline,centerline:locked|follow:centerline,46.118
155,5.177,119,2,0.11157,0.15497,follow,1,0,follow:centerline,centerline:locked|follow:centerline,48.203
156,5.210,118,1,0.08767,0.16297,follow,1,0,follow:centerline,centerline:locked|follow:centerline,44.417
157,5.244,117,1,0.07064,0.17097,follow,1,0,follow:centerline,centerline:locked|follow:centerline,43.250
158,5.277,116,1,0.05649,0.17370,follow,1,0,follow:centerline,centerline:locked|follow:centerline,44.468
159,5.311,116,0,0.05169,0.17423,follow,1,0,follow:centerline,centerline:locked|follow:centerline,45.760
160,5.344,115,1,0.01715,0.17809,follow,1,0,follow:centerline,centerline:locked|follow:centerline,44.925
161,5.377,114,1,0.00720,0.17920,follow,1,0,follow:centerline,centerline:locked|follow:centerline,43.341
162,5.411,113,1,0.00303,0.17966,follow,1,0,follow:centerline,centerline:locked|follow:centerline,43.516
163,5.444,112,1,0.00127,0.17986,follow,1,0,follow:centerline,centerline:locked|follow:centerline,47.218
164,5.478,111,1,0.00053,0.17994,follow,1,0,follow:centerline,centerline:locked|follow:centerline,46.009
165,5.511,110,1,0.00022,0.17997,follow,1,0,follow:centerline,centerline:locked|follow:centerline,43.995
166,5.544,109,1,0.00009,0.17999,follow,1,0,follow:centerline,centerline:locked|follow:centerline,50.298
167,5.578,108,1,-0.03248,0.17638,follow,1,0,follow:centerline,centerline:locked|follow:centerline,46.824
168,5.611,108,0,-0.04161,0.17536,follow,1,0,follow:centerline,centerline:locked|follow:centerline,46.153
169,5.645,108,0,-0.04544,0.17493,follow,1,0,follow:centerline,centerline:locked|follow:centerline,54.133
170,5.678,110,2,-0.01453,0.17838,follow,1,0,follow:centerline,centerline:locked|follow:centerline,50.527
171,5.711,109,1,-0.00610,0.17932,follow,1,0,follow:centerline,centerline:locked|follow:centerline,45.663
172,5.745,109,0,-0.00256,0.17971,follow,1,0,follow:centerline,centerline:locked|follow:centerline,44.097
173,5.778,109,0,-0.00108,0.17988,follow,1,0,follow:centerline,centerline:locked|follow:centerline,44.809
174,5.812,110,1,-0.00045,0.17995,follow,1,0,follow:centerline,centerline:locked|follow:centerline,46.800
175,5.845,114,4,-0.00019,0.17998,follow,1,0,follow:centerline,centerline:locked|follow:centerline,47.680
176,5.878,113,1,-0.00008,0.17999,follow,1,0,follow:centerline,centerline:locked|follow:centerline,46.610
177,5.912,115,2,-0.00003,0.18000,follow,1,0,follow:centerline,centerline:locked|follow:centerline,47.190
178,5.945,116,1,0.03251,0.17637,follow,1,0,follow:centerline,centerline:locked|follow:centerline,45.217
179,5.979,119,3,0.06601,0.17263,follow,1,0,follow:centerline,centerline:locked|follow:centerline,46.562
180,6.012,121,2,0.09292,0.16963,follow,1,0,follow:centerline,centerline:locked|follow:centerline,42.590
181,6.045,124,3,0.12634,0.16590,follow,1,0,follow:centerline,centerline:locked|follow:centerline,45.662
182,6.079,127,3,0.16135,0.16199,follow,1,0,follow:centerline,centerline:locked|follow:centerline,46.871
183,6.112,133,6,0.22141,0.15529,follow,1,0,follow:centerline,centerline:locked|follow:centerline,56.790
184,6.146,140,7,0.29672,0.14689,follow,1,0,follow:centerline,centerline:locked|follow:centerline,48.121
185,6.179,143,3,0.34476,0.14152,follow,1,0,follow:centerline,centerline:locked|follow:centerline,52.532
186,6.212,140,3,0.33713,0.14238,follow,1,0,follow:centerline,centerline:locked|follow:centerline,60.634
187,6.246,139,1,0.32922,0.14326,follow,1,0,follow:centerline,centerline:locked|follow:centerline,49.577
188,6.279,142,3,0.35142,0.14078,follow,1,0,follow:centerline,centerline:locked|follow:centerline,46.346
189,6.313,146,4,0.38985,0.13649,follow,1,0,follow:centerline,centerline:locked|follow:centerline,47.291
190,6.346,147,1,0.40956,0.13429,follow,1,0,follow:centerline,centerline:locked|follow:centerline,49.434
191,6.379,148,1,0.42483,0.13259,follow,1,0,follow:centerline,centerline:locked|follow:centerline,51.455
192,6.413,149,1,0.43824,0.13109,follow,1,0,follow:centerline,centerline:locked|follow:centerline,46.476
193,6.446,148,1,0.43460,0.13150,follow,1,0,follow:centerline,centerline:locked|follow:centerline,47.845
194,6.480,147,1,0.42608,0.13245,follow,1,0,follow:centerline,centerline:locked|follow:centerline,46.811
195,6.513,146,1,0.41551,0.13363,follow,1,0,follow:centerline,centerline:locked|follow:centerline,46.712
196,6.546,145,1,0.40408,0.13490,follow,1,0,follow:centerline,centerline:locked|follow:centerline,50.653
197,6.580,144,1,0.39229,0.13622,follow,1,0,follow:centerline,centerline:locked|follow:centerline,46.008
198,6.613,143,1,0.38035,0.13755,follow,1,0,follow:centerline,centerline:locked|follow:centerline,49.526
199,6.647,143,0,0.37647,0.13799,follow,1,0,follow:centerline,centerline:locked|follow:centerline,49.751
200,6.680,143,0,0.37484,0.13817,follow,1,0,follow:centerline,centerline:locked|follow:centerline,47.557
201,6.713,142,1,0.36603,0.13915,follow,1,0,follow:centerline,centerline:locked|follow:centerline,48.725
202,6.747,142,0,0.36346,0.13944,follow,1,0,follow:centerline,centerline:locked|follow:centerline,49.105
203,6.780,142,0,0.36239,0.13956,follow,1,0,follow:centerline,centerline:locked|follow:centerline,49.519
204,6.814,142,0,0.36193,0.13961,follow,1,0,follow:centerline,centerline:locked|follow:centerline,50.409
205,6.847,141,1,0.35361,0.14054,follow,1,0,follow:centerline,centerline:locked|follow:centerline,49.510
206,6.880,141,0,0.35126,0.14080,follow,1,0,follow:centerline,centerline:locked|follow:centerline,45.165
207,6.914,142,1,0.35840,0.14000,follow,1,0,follow:centerline,centerline:locked|follow:centerline,43.831
208,6.947,142,0,0.36026,0.13979,follow,1,0,follow:centerline,centerline:locked|follow:centerline,51.349
209,6.981,143,1,0.36917,0.13880,follow,1,0,follow:centerline,centerline:locked|follow:centerline,50.270
210,7.014,144,1,0.37991,0.13760,follow,1,0,follow:centerline,centerline:locked|follow:centerline,51.646
211,7.047,145,1,0.39141,0.13632,follow,1,0,follow:centerline,centerline:locked|follow:centerline,54.005
212,7.081,146,1,0.40323,0.13500,follow,1,0,follow:centerline,centerline:locked|follow:centerline,51.464
213,7.114,146,0,0.40705,0.13457,follow,1,0,follow:centerline,centerline:locked|follow:centerline,49.851
214,7.148,147,1,0.41679,0.13349,follow,1,0,follow:centerline,centerline:locked|follow:centerline,46.634
215,7.181,148,1,0.42787,0.13225,follow,1,0,follow:centerline,centerline:locked|follow:centerline,56.493
216,7.214,151,3,0.45577,0.12914,follow,1,0,follow:centerline,centerline:locked|follow:centerline,59.437
217,7.248,152,1,0.47221,0.12730,follow,1,0,follow:centerline,centerline:locked|follow:centerline,53.790
218,7.281,157,5,0.51862,0.12212,follow,1,0,follow:centerline,centerline:locked|follow:centerline,60.940
219,7.315,156,1,0.52429,0.12149,follow,1,0,follow:centerline,centerline:locked|follow:centerline,61.964
220,7.348,155,1,0.51968,0.12200,follow,1,0,follow:centerline,centerline:locked|follow:centerline,53.994
221,7.381,155,0,0.51888,0.12209,follow,1,0,follow:centerline,centerline:locked|follow:centerline,52.186
222,7.415,155,0,0.51855,0.12213,follow,1,0,follow:centerline,centerline:locked|follow:centerline,49.815
223,7.448,154,1,0.51028,0.12305,follow,1,0,follow:centerline,centerline:locked|follow:centerline,51.252
224,7.482,153,1,0.49981,0.12422,follow,1,0,follow:centerline,centerline:locked|follow:centerline,53.536
225,7.515,151,2,0.48029,0.12640,follow,1,0,follow:centerline,centerline:locked|follow:centerline,50.528
226,7.548,150,1,0.46624,0.12797,follow,1,0,follow:centerline,centerline:locked|follow:centerline,44.883
227,7.582,151,1,0.46961,0.12759,follow,1,0,follow:centerline,centerline:locked|follow:centerline,51.097
228,7.615,148,3,0.44550,0.13028,follow,1,0,follow:centerline,centerline:locked|follow:centerline,49.587
229,7.649,149,1,0.44692,0.13012,follow,1,0,follow:centerline,centerline:locked|follow:centerline,48.448
230,7.682,147,2,0.43011,0.13200,follow,1,0,follow:centerline,centerline:locked|follow:centerline,50.478
231,7.715,150,3,0.44973,0.12981,follow,1,0,follow:centerline,centerline:locked|follow:centerline,60.423
232,7.749,146,4,0.42202,0.13290,follow,1,0,follow:centerline,centerline:locked|follow:centerline,57.356
233,7.782,146,0,0.41495,0.13369,follow,1,0,follow:centerline,centerline:locked|follow:centerline,54.791
234,7.816,144,2,0.39571,0.13584,follow,1,0,follow:centerline,centerline:locked|follow:centerline,62.657
235,7.849,142,2,0.37365,0.13830,follow,1,0,follow:centerline,centerline:locked|follow:centerline,53.347
236,7.882,141,1,0.35854,0.13999,follow,1,0,follow:centerline,centerline:locked|follow:centerline,54.623
237,7.916,140,1,0.34520,0.14148,follow,1,0,follow:centerline,centerline:locked|follow:centerline,53.415
238,7.949,140,0,0.34073,0.14197,follow,1,0,follow:centerline,centerline:locked|follow:centerline,57.054
239,7.983,138,2,0.32260,0.14400,follow,1,0,follow:centerline,centerline:locked|follow:centerline,47.270
240,8.016,137,1,0.30913,0.14550,follow,1,0,follow:centerline,centerline:locked|follow:centerline,52.190
241,8.049,137,0,0.30461,0.14601,follow,1,0,follow:centerline,centerline:locked|follow:centerline,54.162
242,8.083,135,2,0.28645,0.14803,follow,1,0,follow:centerline,centerline:locked|follow:centerline,57.858
243,8.116,134,1,0.27297,0.14954,follow,1,0,follow:centerline,centerline:locked|follow:centerline,54.562
244,8.150,132,2,0.25219,0.15186,follow,1,0,follow:centerline,centerline:locked|follow:centerline,59.985
245,8.183,132,0,0.24574,0.15258,follow,1,0,follow:centerline,centerline:locked|follow:centerline,55.672
246,8.216,131,1,0.23490,0.15378,follow,1,0,follow:centerline,centerline:locked|follow:centerline,64.851
247,8.250,131,0,0.23149,0.15417,follow,1,0,follow:centerline,centerline:locked|follow:centerline,65.156
248,8.283,131,0,0.23006,0.15433,follow,1,0,follow:centerline,centerline:locked|follow:centerline,66.308
249,8.317,132,1,0.23758,0.15349,follow,1,0,follow:centerline,centerline:locked|follow:centerline,69.141
250,8.350,134,2,0.25587,0.15145,follow,1,0,follow:centerline,centerline:locked|follow:centerline,60.432
251,8.383,136,2,0.27753,0.14903,follow,1,0,follow:centerline,centerline:locked|follow:centerline,59.593
252,8.417,139,3,0.30874,0.14554,follow,1,0,follow:centerline,centerline:locked|follow:centerline,57.934
253,8.450,144,5,0.35908,0.13993,follow,1,0,follow:centerline,centerline:locked|follow:centerline,60.113
254,8.484,143,1,0.36640,0.13911,follow,1,0,follow:centerline,centerline:locked|follow:centerline,63.428
255,8.517,149,6,0.41939,0.13320,follow,1,0,follow:centerline,centerline:locked|follow:centerline,53.827
256,8.550,153,4,0.46734,0.12785,follow,1,0,follow:centerline,centerline:locked|follow:centerline,64.963
257,8.584,156,3,0.50731,0.12338,follow,1,0,follow:centerline,centerline:locked|follow:centerline,60.686
258,8.617,158,2,0.53694,0.12008,follow,1,0,follow:centerline,centerline:locked|follow:centerline,59.247
259,8.651,161,3,0.57149,0.11622,follow,1,0,follow:centerline,centerline:locked|follow:centerline,59.337
260,8.684,162,1,0.59072,0.11408,follow,1,0,follow:centerline,centerline:locked|follow:centerline,54.938
261,8.717,170,8,0.66270,0.10604,follow,1,0,follow:centerline,centerline:locked|follow:centerline,59.845
262,8.751,169,1,0.67569,0.10459,follow,1,0,follow:centerline,centerline:locked|follow:centerline,75.659
263,8.784,162,7,0.62537,0.11021,follow,1,0,follow:centerline,centerline:locked|follow:centerline,67.037
264,8.818,158,4,0.57969,0.11531,follow,1,0,follow:centerline,centerline:locked|follow:centerline,62.725
265,8.851,156,2,0.54880,0.11875,follow,1,0,follow:centerline,centerline:locked|follow:centerline,61.577
266,8.884,137,19,0.38362,0.12675,follow,1,0,follow:centerline,centerline:locked|follow:centerline,63.139
267,8.918,132,5,0.29525,0.13475,follow,1,0,follow:centerline,centerline:locked|follow:centerline,54.741
268,8.951,139,7,0.32074,0.14275,follow,1,0,follow:centerline,centerline:locked|follow:centerline,55.161
269,8.985,134,5,0.28282,0.14844,follow,1,0,follow:centerline,centerline:locked|follow:centerline,67.142
270,9.018,132,2,0.25633,0.15139,follow,1,0,follow:centerline,centerline:locked|follow:centerline,56.176
271,9.051,131,1,0.23935,0.15329,follow,1,0,follow:centerline,centerline:locked|follow:centerline,53.516
272,9.085,132,1,0.24149,0.15305,follow,1,0,follow:centerline,centerline:locked|follow:centerline,60.269
273,9.118,131,1,0.23312,0.15398,follow,1,0,follow:centerline,centerline:locked|follow:centerline,58.028
274,9.152,130,1,0.22261,0.15516,follow,1,0,follow:centerline,centerline:locked|follow:centerline,54.196
275,9.185,132,2,0.23560,0.15371,follow,1,0,follow:centerline,centerline:locked|follow:centerline,55.363
276,9.218,130,2,0.22251,0.15517,follow,1,0,follow:centerline,centerline:locked|follow:centerline,47.246
277,9.252,127,3,0.19490,0.15825,follow,1,0,follow:centerline,centerline:locked|follow:centerline,47.951
278,9.285,126,1,0.17859,0.16007,follow,1,0,follow:centerline,centerline:locked|follow:centerline,51.470
279,9.319,128,2,0.18915,0.15889,follow,1,0,follow:centerline,centerline:locked|follow:centerline,48.282
280,9.352,129,1,0.19943,0.15774,follow,1,0,follow:centerline,centerline:locked|follow:centerline,45.250
281,9.385,128,1,0.19448,0.15830,follow,1,0,follow:centerline,centerline:locked|follow:centerline,52.875
282,9.419,126,2,0.17728,0.16022,follow,1,0,follow:centerline,centerline:locked|follow:centerline,52.453
283,9.452,124,2,0.15607,0.16258,follow,1,0,follow:centerline,centerline:locked|follow:centerline,51.823
284,9.486,127,3,0.17383,0.16060,follow,1,0,follow:centerline,centerline:locked|follow:centerline,42.905
285,9.519,128,1,0.18601,0.15924,follow,1,0,follow:centerline,centerline:locked|follow:centerline,44.261
286,9.552,130,2,0.20624,0.15698,follow,1,0,follow:centerline,centerline:locked|follow:centerline,48.098
287,9.586,131,1,0.22059,0.15538,follow,1,0,follow:centerline,centerline:locked|follow:centerline,46.504
288,9.619,133,2,0.24174,0.15302,follow,1,0,follow:centerline,centerline:locked|follow:centerline,51.349
289,9.653,135,2,0.26460,0.15047,follow,1,0,follow:centerline,centerline:locked|follow:centerline,56.693
290,9.686,138,3,0.29632,0.14693,follow,1,0,follow:centerline,centerline:locked|follow:centerline,49.760
291,9.719,140,2,0.32248,0.14401,follow,1,0,follow:centerline,centerline:locked|follow:centerline,55.440
292,9.753,143,3,0.35558,0.14032,follow,1,0,follow:centerline,centerline:locked|follow:centerline,59.604
293,9.786,146,3,0.39046,0.13642,follow,1,0,follow:centerline,centerline:locked|follow:centerline,56.778
294,9.820,148,2,0.41795,0.13336,follow,1,0,follow:centerline,centerline:locked|follow:centerline,66.422
295,9.853,150,2,0.44348,0.13051,follow,1,0,follow:centerline,centerline:locked|follow:centerline,70.039
296,9.886,152,2,0.46818,0.12775,follow,1,0,follow:centerline,centerline:locked|follow:centerline,62.202
297,9.920,154,2,0.49254,0.12503,follow,1,0,follow:centerline,centerline:locked|follow:centerline,57.180
298,9.953,154,0,0.50049,0.12415,follow,1,0,follow:centerline,centerline:locked|follow:centerline,59.532
299,9.987,157,3,0.52822,0.12105,follow,1,0,follow:centerline,centerline:locked|follow:centerline,48.202
300,10.020,159,2,0.55271,0.11832,follow,1,0,follow:centerline,centerline:locked|follow:centerline,45.347
301,10.053,160,1,0.56885,0.11652,follow,1,0,follow:centerline,centerline:locked|follow:centerline,49.441
302,10.087,160,0,0.57449,0.11589,follow,1,0,follow:centerline,centerline:locked|follow:centerline,51.018
303,10.120,160,0,0.57686,0.11562,follow,1,0,follow:centerline,centerline:locked|follow:centerline,48.986
304,10.154,160,0,0.57785,0.11551,follow,1,0,follow:centerline,centerline:locked|follow:centerline,47.864
305,10.187,160,0,0.57827,0.11547,follow,1,0,follow:centerline,centerline:locked|follow:centerline,47.307
306,10.220,159,1,0.57031,0.11635,follow,1,0,follow:centerline,centerline:locked|follow:centerline,50.145
307,10.254,159,0,0.56811,0.11660,follow,1,0,follow:centerline,centerline:locked|follow:centerline,64.941
308,10.287,158,1,0.55906,0.11761,follow,1,0,follow:centerline,centerline:locked|follow:centerline,58.378
309,10.321,158,0,0.55639,0.11791,follow,1,0,follow:centerline,centerline:locked|follow:centerline,54.455
310,10.354,158,0,0.55527,0.11803,follow,1,0,follow:centerline,centerline:locked|follow:centerline,62.331
311,10.387,158,0,0.55480,0.11808,follow,1,0,follow:centerline,centerline:locked|follow:centerline,54.963
312,10.421,157,1,0.54648,0.11901,follow,1,0,follow:centerline,centerline:locked|follow:centerline,55.020
313,10.454,157,0,0.54412,0.11928,follow,1,0,follow:centerline,centerline:locked|follow:centerline,52.004
314,10.488,156,1,0.53500,0.12029,follow,1,0,follow:centerline,centerline:locked|follow:centerline,52.556
315,10.521,156,0,0.53231,0.12059,follow,1,0,follow:centerline,centerline:locked|follow:centerline,60.510
316,10.554,156,0,0.53118,0.12072,follow,1,0,follow:centerline,centerline:locked|follow:centerline,55.548
317,10.588,156,0,0.53070,0.12077,follow,1,0,follow:centerline,centerline:locked|follow:centerline,56.465
318,10.621,156,0,0.53050,0.12080,follow,1,0,follow:centerline,centerline:locked|follow:centerline,52.246
319,10.655,156,0,0.53042,0.12081,follow,1,0,follow:centerline,centerline:locked|follow:centerline,52.193
320,10.688,157,1,0.53851,0.11990,follow,1,0,follow:centerline,centerline:locked|follow:centerline,51.899
321,10.721,158,1,0.54890,0.11874,follow,1,0,follow:centerline,centerline:locked|follow:centerline,53.609
322,10.755,159,1,0.56026,0.11748,follow,1,0,follow:centerline,centerline:locked|follow:centerline,58.882
323,10.788,160,1,0.57202,0.11616,follow,1,0,follow:centerline,centerline:locked|follow:centerline,52.901
324,10.822,161,1,0.58395,0.11483,follow,1,0,follow:centerline,centerline:locked|follow:centerline,49.823
325,10.855,162,1,0.59595,0.11349,follow,1,0,follow:centerline,centerline:locked|follow:centerline,54.051
326,10.888,163,1,0.60798,0.11215,follow,1,0,follow:centerline,centerline:locked|follow:centerline,48.069
327,10.922,165,2,0.62816,0.10990,follow,1,0,follow:centerline,centerline:locked|follow:centerline,50.049
328,10.955,166,1,0.64248,0.10830,follow,1,0,follow:centerline,centerline:locked|follow:centerline,50.984
329,10.989,167,1,0.65549,0.10685,follow,1,0,follow:centerline,centerline:locked|follow:centerline,47.722
330,11.022,171,4,0.69234,0.10274,follow,1,0,follow:centerline,centerline:locked|follow:centerline,46.694
331,11.055,174,3,0.72765,0.09879,follow,1,0,follow:centerline,centerline:locked|follow:centerline,44.688
332,11.089,177,3,0.76345,0.09480,follow,1,0,follow:centerline,centerline:locked|follow:centerline,45.398
333,11.122,175,2,0.75881,0.09532,follow,1,0,follow:centerline,centerline:locked|follow:centerline,49.003
334,11.156,191,16,0.88922,0.09000,follow,1,0,follow:centerline,centerline:locked|follow:centerline,52.998
335,11.189,185,6,0.87699,0.09000,follow,1,0,follow:centerline,centerline:locked|follow:centerline,59.601
336,11.222,183,2,0.86242,0.09000,follow,1,0,follow:centerline,centerline:locked|follow:centerline,58.039
337,11.256,184,1,0.86671,0.09000,follow,1,0,follow:centerline,centerline:locked|follow:centerline,58.604
338,11.289,182,2,0.85112,0.09000,follow,1,0,follow:centerline,centerline:locked|follow:centerline,59.140
339,11.323,182,0,0.84684,0.09000,follow,1,0,follow:centerline,centerline:locked|follow:centerline,56.829
340,11.356,181,1,0.83692,0.09000,follow,1,0,follow:centerline,centerline:locked|follow:centerline,70.863
341,11.389,181,0,0.83389,0.09000,follow,1,0,follow:centerline,centerline:locked|follow:centerline,57.391
342,11.423,184,3,0.85701,0.09000,follow,1,0,follow:centerline,centerline:locked|follow:centerline,63.993
343,11.456,189,5,0.90395,0.09000,follow,1,0,follow:centerline,centerline:locked|follow:centerline,66.971
344,11.490,190,1,0.92610,0.09000,follow,1,0,follow:centerline,centerline:locked|follow:centerline,69.738
345,11.523,195,5,0.97492,0.09000,follow,1,0,follow:centerline,centerline:locked|follow:centerline,57.506
346,11.556,200,5,1.00000,0.09000,follow,1,0,follow:centerline,centerline:locked|follow:centerline,55.520
347,11.590,204,4,1.00000,0.09000,follow,1,0,follow:centerline,centerline:locked|follow:centerline,56.502
348,11.623,202,2,1.00000,0.09000,follow,1,0,follow:centerline,centerline:locked|follow:centerline,57.938
349,11.657,195,7,1.00000,0.09000,follow,1,0,follow:centerline,centerline:locked|follow:centerline,60.516
350,11.690,187,8,0.94622,0.09000,follow,1,0,follow:centerline,centerline:locked|follow:centerline,60.992
351,11.723,175,12,0.82418,0.09000,follow,1,0,follow:centerline,centerline:locked|follow:centerline,55.062
352,11.757,168,7,0.72968,0.09800,follow,1,0,follow:centerline,centerline:locked|follow:centerline,64.547
353,11.790,166,2,0.68170,0.10392,follow,1,0,follow:centerline,centerline:locked|follow:centerline,53.928
354,11.824,167,1,0.67196,0.10501,follow,1,0,follow:centerline,centerline:locked|follow:centerline,57.417
355,11.857,166,1,0.65860,0.10650,follow,1,0,follow:centerline,centerline:locked|follow:centerline,58.438
356,11.890,161,5,0.61348,0.11154,follow,1,0,follow:centerline,centerline:locked|follow:centerline,56.847
357,11.924,154,7,0.54331,0.11937,follow,1,0,follow:centerline,centerline:locked|follow:centerline,50.265
358,11.957,149,5,0.48116,0.12630,follow,1,0,follow:centerline,centerline:locked|follow:centerline,50.974
359,11.991,160,11,0.55019,0.11860,follow,1,0,follow:centerline,centerline:locked|follow:centerline,54.409
360,12.024,171,11,0.65609,0.10678,follow,1,0,follow:centerline,centerline:locked|follow:centerline,56.857
361,12.057,173,2,0.70429,0.10140,follow,1,0,follow:centerline,centerline:locked|follow:centerline,52.262
362,12.091,173,0,0.72226,0.09940,follow,1,0,follow:centerline,centerline:locked|follow:centerline,51.247
363,12.124,158,15,0.60785,0.10740,follow,1,0,follow:centerline,centerline:locked|follow:centerline,55.312
364,12.158,150,8,0.51184,0.11540,follow,1,0,follow:centerline,centerline:locked|follow:centerline,60.640
365,12.191,146,4,0.44811,0.12340,follow,1,0,follow:centerline,centerline:locked|follow:centerline,51.685
366,12.224,136,10,0.34460,0.13140,follow,1,0,follow:centerline,centerline:locked|follow:centerline,55.069
367,12.258,131,5,0.27187,0.13940,follow,1,0,follow:centerline,centerline:locked|follow:centerline,68.657
368,12.291,128,3,0.22262,0.14740,follow,1,0,follow:centerline,centerline:locked|follow:centerline,49.861
369,12.325,126,2,0.18910,0.15540,follow,1,0,follow:centerline,centerline:locked|follow:centerline,50.627
370,12.358,126,0,0.17730,0.16021,follow,1,0,follow:centerline,centerline:history|follow:centerline,60.719
371,12.391,126,0,0.17234,0.16077,follow,1,0,follow:centerline,centerline:history|follow:centerline,58.279
372,12.425,142,16,0.30034,0.14648,follow,1,0,follow:centerline,centerline:locked|follow:centerline,54.394
373,12.458,129,13,0.23018,0.15431,follow,1,0,follow:centerline,centerline:locked|follow:centerline,57.878
374,12.492,125,4,0.18300,0.15958,follow,1,0,follow:centerline,centerline:locked|follow:centerline,54.614
375,12.525,123,2,0.15148,0.16309,follow,1,0,follow:centerline,centerline:locked|follow:centerline,57.246
376,12.559,124,1,0.14866,0.16341,follow,1,0,follow:centerline,centerline:locked|follow:centerline,63.858
377,12.592,126,2,0.16259,0.16186,follow,1,0,follow:centerline,centerline:locked|follow:centerline,64.077
378,12.625,134,8,0.23121,0.15420,follow,1,0,follow:centerline,centerline:locked|follow:centerline,60.645
379,12.659,141,7,0.30782,0.14565,follow,1,0,follow:centerline,centerline:locked|follow:centerline,58.771
380,12.692,156,15,0.45398,0.12934,follow,1,0,follow:centerline,centerline:locked|follow:centerline,57.254
381,12.726,160,4,0.53080,0.12076,follow,1,0,follow:centerline,centerline:locked|follow:centerline,56.065
382,12.759,173,13,0.66420,0.10588,follow,1,0,follow:centerline,centerline:locked|follow:centerline,59.489
383,12.792,168,5,0.66477,0.10581,follow,1,0,follow:centerline,centerline:locked|follow:centerline,53.844
384,12.826,157,11,0.58127,0.11381,follow,1,0,follow:centerline,centerline:locked|follow:centerline,52.573
385,12.859,157,0,0.55873,0.11765,follow,1,0,follow:centerline,centerline:locked|follow:centerline,66.521
386,12.893,151,6,0.50048,0.12415,follow,1,0,follow:centerline,centerline:locked|follow:centerline,56.589
387,12.926,147,4,0.45033,0.12974,follow,1,0,follow:centerline,centerline:locked|follow:centerline,51.140
388,12.959,145,2,0.41757,0.13340,follow,1,0,follow:centerline,centerline:locked|follow:centerline,54.388
389,12.993,149,4,0.43860,0.13105,follow,1,0,follow:centerline,centerline:locked|follow:centerline,58.562
390,13.026,150,1,0.45101,0.12967,follow,1,0,follow:centerline,centerline:locked|follow:centerline,58.872
391,13.060,144,6,0.40630,0.13466,follow,1,0,follow:centerline,centerline:locked|follow:centerline,66.065
392,13.093,141,3,0.36997,0.13871,follow,1,0,follow:centerline,centerline:locked|follow:centerline,65.038
393,13.126,139,2,0.34187,0.14185,follow,1,0,follow:centerline,centerline:locked|follow:centerline,53.571
394,13.160,138,1,0.32421,0.14382,follow,1,0,follow:centerline,centerline:locked|follow:centerline,50.886
395,13.193,138,0,0.31794,0.14452,follow,1,0,follow:centerline,centerline:locked|follow:centerline,53.095
396,13.227,136,2,0.29904,0.14663,follow,1,0,follow:centerline,centerline:locked|follow:centerline,51.326
397,13.260,134,2,0.27712,0.14907,follow,1,0,follow:centerline,centerline:locked|follow:centerline,62.195
398,13.293,132,2,0.25393,0.15166,follow,1,0,follow:centerline,centerline:locked|follow:centerline,51.827
399,13.327,130,2,0.23021,0.15431,follow,1,0,follow:centerline,centerline:locked|follow:centerline,50.780
400,13.360,128,2,0.20627,0.15698,follow,1,0,follow:centerline,centerline:locked|follow:centerline,61.985
401,13.394,126,2,0.18223,0.15966,follow,1,0,follow:centerline,centerline:locked|follow:centerline,64.763
402,13.427,124,2,0.15815,0.16235,follow,1,0,follow:centerline,centerline:locked|follow:centerline,66.859
403,13.460,121,3,0.12592,0.16595,follow,1,0,follow:centerline,centerline:locked|follow:centerline,63.826
404,13.494,119,2,0.09955,0.16889,follow,1,0,follow:centerline,centerline:locked|follow:centerline,64.146
405,13.527,117,2,0.07449,0.17169,follow,1,0,follow:centerline,centerline:locked|follow:centerline,62.664
406,13.561,115,2,0.02559,0.17714,follow,1,0,follow:centerline,centerline:locked|follow:centerline,54.819
407,13.594,114,1,0.01075,0.17880,follow,1,0,follow:centerline,centerline:locked|follow:centerline,55.150
408,13.627,112,2,0.00451,0.17950,follow,1,0,follow:centerline,centerline:locked|follow:centerline,65.044
409,13.661,112,0,0.00190,0.17979,follow,1,0,follow:centerline,centerline:locked|follow:centerline,55.434
410,13.694,111,1,0.00080,0.17991,follow,1,0,follow:centerline,centerline:locked|follow:centerline,54.274
411,13.728,112,1,0.00033,0.17996,follow,1,0,follow:centerline,centerline:locked|follow:centerline,54.206
412,13.761,113,1,0.00014,0.17998,follow,1,0,follow:centerline,centerline:locked|follow:centerline,59.723
413,13.794,114,1,0.00006,0.17999,follow,1,0,follow:centerline,centerline:locked|follow:centerline,52.702
414,13.828,114,0,0.00002,0.18000,follow,1,0,follow:centerline,centerline:locked|follow:centerline,50.397
415,13.861,115,1,0.00001,0.18000,follow,1,0,follow:centerline,centerline:locked|follow:centerline,56.056
416,13.895,115,0,0.00000,0.18000,follow,1,0,follow:centerline,centerline:locked|follow:centerline,50.607
417,13.928,116,1,0.03252,0.17637,follow,1,0,follow:centerline,centerline:locked|follow:centerline,50.810
418,13.961,117,1,0.04975,0.17445,follow,1,0,follow:centerline,centerline:locked|follow:centerline,56.974
419,13.995,114,3,0.01520,0.17830,follow,1,0,follow:centerline,centerline:locked|follow:centerline,57.460
420,14.028,114,0,0.00638,0.17929,follow,1,0,follow:centerline,centerline:locked|follow:centerline,52.302
421,14.062,117,3,0.04333,0.17516,follow,1,0,follow:centerline,centerline:locked|follow:centerline,47.232
422,14.095,121,4,0.08568,0.17044,follow,1,0,follow:centerline,centerline:locked|follow:centerline,46.387
423,14.128,123,2,0.11516,0.16715,follow,1,0,follow:centerline,centerline:locked|follow:centerline,48.607
424,14.162,125,2,0.14153,0.16421,follow,1,0,follow:centerline,centerline:locked|follow:centerline,50.450
425,14.195,128,3,0.17472,0.16050,follow,1,0,follow:centerline,centerline:locked|follow:centerline,59.624
426,14.229,128,0,0.18524,0.15933,follow,1,0,follow:centerline,centerline:locked|follow:centerline,55.251
427,14.262,130,2,0.20592,0.15702,follow,1,0,follow:centerline,centerline:locked|follow:centerline,55.953
428,14.295,132,2,0.22859,0.15449,follow,1,0,follow:centerline,centerline:locked|follow:centerline,56.122
429,14.329,134,2,0.25209,0.15187,follow,1,0,follow:centerline,centerline:locked|follow:centerline,51.995
430,14.362,136,2,0.27594,0.14920,follow,1,0,follow:centerline,centerline:locked|follow:centerline,55.135
431,14.396,138,2,0.29994,0.14653,follow,1,0,follow:centerline,centerline:locked|follow:centerline,54.266
432,14.429,140,2,0.32400,0.14384,follow,1,0,follow:centerline,centerline:locked|follow:centerline,53.256
433,14.462,142,2,0.34809,0.14115,follow,1,0,follow:centerline,centerline:locked|follow:centerline,53.629
434,14.496,144,2,0.37219,0.13846,follow,1,0,follow:centerline,centerline:locked|follow:centerline,49.906
435,14.529,145,1,0.38817,0.13668,follow,1,0,follow:centerline,centerline:locked|follow:centerline,50.643
436,14.563,145,0,0.39373,0.13606,follow,1,0,follow:centerline,centerline:locked|follow:centerline,51.566
437,14.596,145,0,0.39607,0.13580,follow,1,0,follow:centerline,centerline:locked|follow:centerline,57.835
438,14.629,144,1,0.38893,0.13660,follow,1,0,follow:centerline,centerline:locked|follow:centerline,55.176
439,14.663,144,0,0.38706,0.13680,follow,1,0,follow:centerline,centerline:locked|follow:centerline,61.277
440,14.696,144,0,0.38628,0.13689,follow,1,0,follow:centerline,centerline:locked|follow:centerline,60.874
441,14.730,143,1,0.37782,0.13784,follow,1,0,follow:centerline,centerline:locked|follow:centerline,62.232
442,14.763,142,1,0.36728,0.13901,follow,1,0,follow:centerline,centerline:locked|follow:centerline,62.381
443,14.796,146,4,0.39651,0.13575,follow,1,0,follow:centerline,centerline:locked|follow:centerline,71.342
444,14.830,143,3,0.37984,0.13761,follow,1,0,follow:centerline,centerline:locked|follow:centerline,62.990
445,14.863,140,3,0.35186,0.14073,follow,1,0,follow:centerline,centerline:locked|follow:centerline,62.878
446,14.897,137,3,0.31914,0.14438,follow,1,0,follow:centerline,centerline:locked|follow:centerline,60.924
447,14.930,134,3,0.28443,0.14826,follow,1,0,follow:centerline,centerline:locked|follow:centerline,65.464
448,14.963,132,2,0.25700,0.15132,follow,1,0,follow:centerline,centerline:locked|follow:centerline,68.853
449,14.997,130,2,0.23150,0.15416,follow,1,0,follow:centerline,centerline:locked|follow:centerline,65.605
450,15.030,127,3,0.19868,0.15783,follow,1,0,follow:centerline,centerline:locked|follow:centerline,67.985
451,15.064,122,5,0.14766,0.16352,follow,1,0,follow:centerline,centerline:locked|follow:centerline,60.134
452,15.097,122,0,0.13193,0.16528,follow,1,0,follow:centerline,centerline:locked|follow:centerline,58.569
453,15.130,121,1,0.11719,0.16692,follow,1,0,follow:centerline,centerline:locked|follow:centerline,58.583
454,15.164,120,1,0.10401,0.16839,follow,1,0,follow:centerline,centerline:locked|follow:centerline,66.720
455,15.197,118,2,0.08335,0.17070,follow,1,0,follow:centerline,centerline:locked|follow:centerline,68.036
456,15.231,117,1,0.06882,0.17232,follow,1,0,follow:centerline,centerline:locked|follow:centerline,77.779
457,15.264,116,1,0.05573,0.17378,follow,1,0,follow:centerline,centerline:locked|follow:centerline,76.342
458,15.297,115,1,0.01885,0.17790,follow,1,0,follow:centerline,centerline:locked|follow:centerline,71.303
459,15.331,114,1,0.00792,0.17912,follow,1,0,follow:centerline,centerline:locked|follow:centerline,56.643
460,15.364,114,0,0.00333,0.17963,follow,1,0,follow:centerline,centerline:locked|follow:centerline,71.671
461,15.398,114,0,0.00140,0.17984,follow,1,0,follow:centerline,centerline:locked|follow:centerline,55.809
462,15.431,113,1,0.00059,0.17993,follow,1,0,follow:centerline,centerline:locked|follow:centerline,55.449
463,15.464,112,1,0.00025,0.17997,follow,1,0,follow:centerline,centerline:locked|follow:centerline,59.231
464,15.498,111,1,0.00010,0.17999,follow,1,0,follow:centerline,centerline:locked|follow:centerline,63.219
465,15.531,112,1,0.00004,0.18000,follow,1,0,follow:centerline,centerline:locked|follow:centerline,56.147
466,15.565,112,0,0.00002,0.18000,follow,1,0,follow:centerline,centerline:locked|follow:centerline,57.451
467,15.598,113,1,0.00001,0.18000,follow,1,0,follow:centerline,centerline:locked|follow:centerline,63.345
468,15.631,113,0,0.00000,0.18000,follow,1,0,follow:centerline,centerline:locked|follow:centerline,57.892
469,15.665,113,0,0.00000,0.18000,follow,1,0,follow:centerline,centerline:locked|follow:centerline,57.522
470,15.698,113,0,0.00000,0.18000,follow,1,0,follow:centerline,centerline:locked|follow:centerline,59.148
471,15.732,114,1,0.00000,0.18000,follow,1,0,follow:centerline,centerline:locked|follow:centerline,73.136
472,15.765,115,1,0.00000,0.18000,follow,1,0,follow:centerline,centerline:locked|follow:centerline,65.036
473,15.798,115,0,0.00000,0.18000,follow,1,0,follow:centerline,centerline:locked|follow:centerline,62.963
474,15.832,116,1,0.03252,0.17637,follow,1,0,follow:centerline,centerline:locked|follow:centerline,79.768
475,15.865,116,0,0.04162,0.17535,follow,1,0,follow:centerline,centerline:locked|follow:centerline,60.783
476,15.899,116,0,0.04545,0.17493,follow,1,0,follow:centerline,centerline:locked|follow:centerline,56.684
477,15.932,116,0,0.04705,0.17475,follow,1,0,follow:centerline,centerline:locked|follow:centerline,58.612
478,15.965,116,0,0.04773,0.17467,follow,1,0,follow:centerline,centerline:locked|follow:centerline,60.194
479,15.999,116,0,0.04801,0.17464,follow,1,0,follow:centerline,centerline:locked|follow:centerline,65.746
480,16.032,117,1,0.05626,0.17372,follow,1,0,follow:centerline,centerline:locked|follow:centerline,62.008
481,16.066,115,2,0.01793,0.17800,follow,1,0,follow:centerline,centerline:locked|follow:centerline,59.343
482,16.099,115,0,0.00753,0.17916,follow,1,0,follow:centerline,centerline:locked|follow:centerline,62.154
483,16.132,113,2,0.00316,0.17965,follow,1,0,follow:centerline,centerline:locked|follow:centerline,64.655
484,16.166,111,2,0.00133,0.17985,follow,1,0,follow:centerline,centerline:locked|follow:centerline,63.208
485,16.199,109,2,0.00056,0.17994,follow,1,0,follow:centerline,centerline:locked|follow:centerline,90.926
486,16.233,107,2,-0.04042,0.17549,follow,1,0,follow:centerline,centerline:locked|follow:centerline,59.608
487,16.266,106,1,-0.06006,0.17330,follow,1,0,follow:centerline,centerline:locked|follow:centerline,58.331
488,16.299,109,3,-0.01839,0.17795,follow,1,0,follow:centerline,centerline:locked|follow:centerline,61.495
489,16.333,109,0,-0.00772,0.17914,follow,1,0,follow:centerline,centerline:locked|follow:centerline,57.435
490,16.366,108,1,-0.03577,0.17601,follow,1,0,follow:centerline,centerline:locked|follow:centerline,62.613
491,16.400,108,0,-0.04299,0.17520,follow,1,0,follow:centerline,centerline:locked|follow:centerline,60.000
492,16.433,108,0,-0.04602,0.17486,follow,1,0,follow:centerline,centerline:locked|follow:centerline,57.347
493,16.466,110,2,-0.01477,0.17835,follow,1,0,follow:centerline,centerline:locked|follow:centerline,55.148
494,16.500,111,1,-0.00620,0.17931,follow,1,0,follow:centerline,centerline:locked|follow:centerline,55.645
495,16.533,113,2,-0.00261,0.17971,follow,1,0,follow:centerline,centerline:locked|follow:centerline,68.292
496,16.567,115,2,-0.00109,0.17988,follow,1,0,follow:centerline,centerline:locked|follow:centerline,59.361
